Station Id,Today Gen Power,Total Gen Power,Created At
90672,0,0,2020-12-15
106907,0,0,2020-12-15
84351,0,0,2020-12-15
108029,0,0,2020-12-15
82647,6.49,267.81,2020-12-15
75608,0,0,2020-12-15
84328,0,0,2020-12-15
82647,21.71,206.13,2020-12-11
82647,0,206.13,2020-12-12
82647,23.57,242.82,2020-12-13
82647,18.5,250.34,2020-12-14
106907,0,0,2020-12-16
82647,10.62,278.43,2020-12-16
108029,0,0,2020-12-16
90672,0,0,2020-12-16
84328,0,0,2020-12-16
84351,0,0,2020-12-16
75608,0,0,2020-12-16
106907,0,0,2020-12-17
75608,0,0,2020-12-17
84351,0,0,2020-12-17
108029,0,0,2020-12-17
90672,0,0,2020-12-17
82647,39.41,317.84,2020-12-17
84328,0,0,2020-12-17
108029,0,0,2020-12-18
75608,0,0,2020-12-18
82647,37.82,355.66,2020-12-18
84328,0,0,2020-12-18
90672,0,0,2020-12-18
106907,0,0,2020-12-18
84351,0,0,2020-12-18
108029,0,0,2020-12-19
90672,0,0,2020-12-19
82647,38.84,394.5,2020-12-19
84351,0,0,2020-12-19
84328,0,0,2020-12-19
106907,0,0,2020-12-19
75608,0,0,2020-12-19
108029,0,0,2020-12-20
84351,0,0,2020-12-20
106907,0,0,2020-12-20
84328,0,0,2020-12-20
90672,0,0,2020-12-20
75608,0,0,2020-12-20
82647,29.44,423.94,2020-12-20
84328,0,0,2020-12-21
84351,0,0,2020-12-21
108029,0,0,2020-12-21
90672,0,0,2020-12-21
75608,0,0,2020-12-21
106907,0,0,2020-12-21
82647,29.49,453.43,2020-12-21
84328,0,0,2020-12-22
90672,0,0,2020-12-22
106907,0,0,2020-12-22
108029,0,0,2020-12-22
75608,0,0,2020-12-22
84351,0,0,2020-12-22
82647,27.01,480.44,2020-12-22
90672,0,0,2020-12-23
84328,0,0,2020-12-23
84351,0,0,2020-12-23
82647,30.01,510.45,2020-12-23
106907,0,0,2020-12-23
75608,0,0,2020-12-23
108029,0,0,2020-12-23
82647,31.24,541.69,2020-12-24
84328,0,0,2020-12-24
106907,0,0,2020-12-24
84351,0,0,2020-12-24
108029,0,0,2020-12-24
75608,0,0,2020-12-24
90672,0,0,2020-12-24
75608,0,0,2020-12-25
84328,0,0,2020-12-25
108029,0,0,2020-12-25
84351,0,0,2020-12-25
106907,0,0,2020-12-25
82647,29.67,571.36,2020-12-25
90672,0,0,2020-12-25
84351,0,0,2020-12-26
108029,0,0,2020-12-26
84328,0,0,2020-12-26
106907,0,0,2020-12-26
82647,32.67,604.03,2020-12-26
75608,0,0,2020-12-26
90672,0,0,2020-12-26
106907,0,0,2020-12-27
84351,0,0,2020-12-27
75608,0,0,2020-12-27
108029,0,0,2020-12-27
84328,0,0,2020-12-27
82647,31.73,635.76,2020-12-27
90672,0,0,2020-12-27
90672,0,0,2020-12-28
75608,0,0,2020-12-28
108029,0,0,2020-12-28
84328,0,0,2020-12-28
106907,0,0,2020-12-28
82647,26.78,662.54,2020-12-28
84351,0,0,2020-12-28
84328,0,0,2020-12-29
75608,0,0,2020-12-29
84351,0,0,2020-12-29
90672,0,0,2020-12-29
106907,0,0,2020-12-29
108029,0,0,2020-12-29
82647,23.33,685.87,2020-12-29
90672,0,0,2020-12-30
106907,0,0,2020-12-30
84351,0,0,2020-12-30
75608,0,0,2020-12-30
108029,0,0,2020-12-30
82647,21.69,707.56,2020-12-30
84328,0,0,2020-12-30
75608,0,0,2020-12-31
90672,0,0,2020-12-31
84351,0,0,2020-12-31
84328,0,0,2020-12-31
106907,0,0,2020-12-31
82647,24.58,732.14,2020-12-31
108029,0,0,2020-12-31
75608,0,0,2021-01-01
84351,0,0,2021-01-01
84328,0,0,2021-01-01
108029,0,0,2021-01-01
90672,0,0,2021-01-01
106907,0,0,2021-01-01
82647,26.72,758.86,2021-01-01
75608,0,0,2021-01-02
90672,0,0,2021-01-02
84328,0,0,2021-01-02
108029,0,0,2021-01-02
84351,0,0,2021-01-02
106907,0,0,2021-01-02
82647,26.96,763.43,2021-01-02
75608,0,0,2021-01-03
90672,0,0,2021-01-03
84351,0,0,2021-01-03
84328,0,0,2021-01-03
106907,0,0,2021-01-03
108029,0,0,2021-01-03
82647,22.3,765.62,2021-01-03
108029,0,0,2021-01-04
106907,0,0,2021-01-04
84328,0,0,2021-01-04
75608,0,0,2021-01-04
90672,0,0,2021-01-04
84351,0,0,2021-01-04
82647,25.48,768.81,2021-01-04
106907,0,0,2021-01-05
84328,0,0,2021-01-05
84351,0,0,2021-01-05
108029,0,0,2021-01-05
90672,0,0,2021-01-05
82647,8.43,751.25,2021-01-05
75608,0,0,2021-01-05
84351,0,0,2021-01-06
108029,0,0,2021-01-06
75608,0,0,2021-01-06
90672,0,0,2021-01-06
84328,0,0,2021-01-06
106907,0,0,2021-01-06
82647,22.45,745.12,2021-01-06
84351,0,0,2021-01-07
108029,0,0,2021-01-07
84328,0,0,2021-01-07
75608,0,0,2021-01-07
90672,0,0,2021-01-07
106907,0,0,2021-01-07
82647,31.26,757.16,2021-01-07
90672,0,0,2021-01-08
108029,0,0,2021-01-08
84328,0,0,2021-01-08
106907,0,0,2021-01-08
84351,0,0,2021-01-08
75608,0,0,2021-01-08
82647,26.84,757.48,2021-01-08
108029,0,0,2021-01-09
90672,0,0,2021-01-09
106907,0,0,2021-01-09
84351,0,0,2021-01-09
75608,0,0,2021-01-09
82647,15.52,753.68,2021-01-09
84328,0,0,2021-01-09
84351,0,0,2021-01-10
84328,0,0,2021-01-10
90672,0,0,2021-01-10
108029,0,0,2021-01-10
106907,0,0,2021-01-10
75608,0,0,2021-01-10
82647,25.83,757.8,2021-01-10
84351,0,0,2021-01-11
84328,0,0,2021-01-11
108029,0,0,2021-01-11
106907,0,0,2021-01-11
90672,0,0,2021-01-11
75608,0,0,2021-01-11
82647,28.59,773.27,2021-01-11
84351,0,0,2021-01-12
75608,0,0,2021-01-12
106907,0,0,2021-01-12
84328,0,0,2021-01-12
108029,0,0,2021-01-12
90672,0,0,2021-01-12
82647,22.32,772.02,2021-01-12
75608,0,0,2021-01-13
84328,0,0,2021-01-13
108029,0,0,2021-01-13
84351,0,0,2021-01-13
106907,0,0,2021-01-13
90672,0,0,2021-01-13
82647,28.57,782.09,2021-01-13
75608,0,0,2021-01-14
84351,0,0,2021-01-14
84328,0,0,2021-01-14
90672,0,0,2021-01-14
108029,0,0,2021-01-14
106907,0,0,2021-01-14
82647,19.99,795.59,2021-01-14
75608,0,0,2021-01-15
84328,0,0,2021-01-15
106907,0,0,2021-01-15
82647,15.31,800.28,2021-01-15
84351,0,0,2021-01-15
108029,0,0,2021-01-15
90672,0,0,2021-01-15
84351,0,0,2021-01-16
90672,0,0,2021-01-16
106907,0,0,2021-01-16
84328,0,0,2021-01-16
108029,0,0,2021-01-16
75608,0,0,2021-01-16
82647,11.97,772.84,2021-01-16
90672,0,0,2021-01-17
75608,0,0,2021-01-17
106907,0,0,2021-01-17
84351,0,0,2021-01-17
84328,0,0,2021-01-17
82647,9.62,744.64,2021-01-17
108029,0,0,2021-01-17
75608,0,0,2021-01-18
106907,0,0,2021-01-18
108029,0,0,2021-01-18
82647,19.23,725.03,2021-01-18
84351,0,0,2021-01-18
90672,0,0,2021-01-18
84328,0,0,2021-01-18
90672,0,0,2021-01-19
108029,0,0,2021-01-19
75608,0,0,2021-01-19
106907,0,0,2021-01-19
84351,0,0,2021-01-19
82647,18.36,713.95,2021-01-19
84328,0,0,2021-01-19
84351,0,0,2021-01-20
75608,0,0,2021-01-20
106907,0,0,2021-01-20
108029,0,0,2021-01-20
90672,0,0,2021-01-20
84328,0,0,2021-01-20
82647,23.62,708.08,2021-01-20
84351,0,0,2021-01-21
75608,0,0,2021-01-21
90672,0,0,2021-01-21
82647,27.24,708.31,2021-01-21
84328,0,0,2021-01-21
108029,0,0,2021-01-21
106907,0,0,2021-01-21
84328,0,0,2021-01-22
106907,0,0,2021-01-22
90672,0,0,2021-01-22
75608,0,0,2021-01-22
84351,0,0,2021-01-22
82647,22.59,702.53,2021-01-22
108029,0,0,2021-01-22
84351,0,0,2021-01-23
75608,0,0,2021-01-23
106907,0,0,2021-01-23
108029,0,0,2021-01-23
90672,0,0,2021-01-23
84328,0,0,2021-01-23
82647,33.2,704.49,2021-01-23
106907,0,0,2021-01-24
90672,0,0,2021-01-24
84328,0,0,2021-01-24
84351,0,0,2021-01-24
108029,0,0,2021-01-24
82647,22.54,697.36,2021-01-24
75608,0,0,2021-01-24
106907,0,0,2021-01-25
75608,0,0,2021-01-25
108029,0,0,2021-01-25
90672,0,0,2021-01-25
84351,0,0,2021-01-25
84328,0,0,2021-01-25
82647,13.71,678.4,2021-01-25
106907,0,0,2021-01-26
75608,0,0,2021-01-26
90672,0,0,2021-01-26
108029,0,0,2021-01-26
82647,16.37,663.04,2021-01-26
84328,0,0,2021-01-26
84351,0,0,2021-01-26
75608,0,0,2021-01-27
90672,0,0,2021-01-27
106907,0,0,2021-01-27
84351,0,0,2021-01-27
84328,0,0,2021-01-27
108029,0,0,2021-01-27
82647,22.45,658.71,2021-01-27
106907,0,0,2021-01-28
108029,0,0,2021-01-28
84351,0,0,2021-01-28
84328,0,0,2021-01-28
75608,0,0,2021-01-28
82647,28.01,663.39,2021-01-28
90672,0,0,2021-01-28
90672,0,0,2021-01-29
106907,0,0,2021-01-29
108029,0,0,2021-01-29
84351,0,0,2021-01-29
84328,0,0,2021-01-29
82647,20.82,662.52,2021-01-29
75608,0,0,2021-01-29
108029,0,0,2021-01-30
106907,0,0,2021-01-30
84328,0,0,2021-01-30
84351,0,0,2021-01-30
75608,8.21,8.21,2021-01-30
90672,0,0,2021-01-30
82647,25.23,663.17,2021-01-30
75608,12.79,21,2021-01-31
106907,0,0,2021-01-31
84351,0,0,2021-01-31
90672,0,0,2021-01-31
108029,0,0,2021-01-31
84328,0,0,2021-01-31
82647,34.24,670.69,2021-01-31
82647,35.6,679.33,2021-02-01
106907,0,0,2021-02-01
75608,13.63,34.63,2021-02-01
84328,0,0,2021-02-01
84351,0,0,2021-02-01
108029,0,0,2021-02-01
90672,0,0,2021-02-01
106907,0,0,2021-02-02
84351,0,0,2021-02-02
90672,0,0,2021-02-02
75608,12.7,47.33,2021-02-02
84328,0,0,2021-02-02
82647,33.42,690.45,2021-02-02
108029,0,0,2021-02-02
108029,0,0,2021-02-03
90672,0,0,2021-02-03
106907,0,0,2021-02-03
84328,0,0,2021-02-03
75608,11.27,58.6,2021-02-03
84351,0,0,2021-02-03
82647,34.9,699.87,2021-02-03
75608,11.06,69.66,2021-02-04
90672,0,0,2021-02-04
106907,0,0,2021-02-04
84351,0,0,2021-02-04
84328,0,0,2021-02-04
108029,0,0,2021-02-04
82647,33,724.44,2021-02-04
106907,0,0,2021-02-05
108029,0,0,2021-02-05
90672,0,0,2021-02-05
84351,0,0,2021-02-05
84328,0,0,2021-02-05
82647,23.11,725.1,2021-02-05
75608,3.08,72.74,2021-02-05
132948,0,0,2021-02-05
75608,12.77,85.51,2021-02-06
84351,0,0,2021-02-06
108029,0,0,2021-02-06
82647,35.58,729.42,2021-02-06
132948,0,0,2021-02-06
90672,0,0,2021-02-06
84328,0,0,2021-02-06
106907,0,0,2021-02-06
108029,0,0,2021-02-07
75608,15.43,100.94,2021-02-07
84351,0,0,2021-02-07
132948,0,0,2021-02-07
84328,0,0,2021-02-07
90672,0,0,2021-02-07
82647,42.77,745.35,2021-02-07
106907,0,0,2021-02-07
132948,0,0,2021-02-08
108029,0,0,2021-02-08
90672,0,0,2021-02-08
84351,0,0,2021-02-08
106907,0,0,2021-02-08
82647,33.16,762.99,2021-02-08
84328,0,0,2021-02-08
75608,13.54,114.48,2021-02-08
90672,0,0,2021-02-09
132948,0,0,2021-02-09
108029,0,0,2021-02-09
84351,0,0,2021-02-09
106907,0,0,2021-02-09
84328,0,0,2021-02-09
75608,11.25,125.73,2021-02-09
82647,36.56,773.72,2021-02-09
106907,0,0,2021-02-10
108029,0,0,2021-02-10
84328,0,0,2021-02-10
132948,0,0,2021-02-10
84351,0,0,2021-02-10
90672,0,0,2021-02-10
75608,9.72,135.45,2021-02-10
82647,35.47,780.6,2021-02-10
84351,0,0,2021-02-11
106907,0,0,2021-02-11
90672,0,0,2021-02-11
108029,0,0,2021-02-11
82647,33.97,792.25,2021-02-11
75608,12.96,148.41,2021-02-11
84328,0,0,2021-02-11
132948,0,0,2021-02-11
84328,0,0,2021-02-12
84351,0,0,2021-02-12
75608,11.54,159.95,2021-02-12
106907,0,0,2021-02-12
90672,0,0,2021-02-12
132948,0,0,2021-02-12
108029,0,0,2021-02-12
82647,26.51,790.19,2021-02-12
106907,0,0,2021-02-13
84351,0,0,2021-02-13
75608,11.95,171.9,2021-02-13
132948,0,0,2021-02-13
108029,0,0,2021-02-13
84328,0,0,2021-02-13
82647,35.34,805.54,2021-02-13
90672,0,0,2021-02-13
84328,0,0,2021-02-14
75608,13.4,185.3,2021-02-14
84351,0,0,2021-02-14
90672,0,0,2021-02-14
132948,0,0,2021-02-14
82647,37.06,827.29,2021-02-14
108029,0,0,2021-02-14
106907,0,0,2021-02-14
108029,0,0,2021-02-15
132948,0,0,2021-02-15
84351,0,0,2021-02-15
75608,13.67,198.97,2021-02-15
90672,0,0,2021-02-15
82647,38.04,853.36,2021-02-15
106907,0,0,2021-02-15
84328,0,0,2021-02-15
132948,0,0,2021-02-16
75608,7.58,206.55,2021-02-16
108029,0,0,2021-02-16
84351,0,0,2021-02-16
84328,0,0,2021-02-16
90672,0,0,2021-02-16
106907,0,0,2021-02-16
82647,26.03,869.77,2021-02-16
90672,0,0,2021-02-17
132948,0,0,2021-02-17
75608,13.21,219.76,2021-02-17
84351,0,0,2021-02-17
84328,0,0,2021-02-17
82647,36.29,886.83,2021-02-17
108029,0,0,2021-02-17
106907,0,0,2021-02-17
106907,0,0,2021-02-18
84328,0,0,2021-02-18
84351,0,0,2021-02-18
108029,0,0,2021-02-18
90672,0,0,2021-02-18
132948,0,0,2021-02-18
75608,13.23,232.99,2021-02-18
82647,39.48,907.95,2021-02-18
90672,0,0,2021-02-19
75608,9.69,242.68,2021-02-19
84351,0,0,2021-02-19
84328,0,0,2021-02-19
132948,0,0,2021-02-19
106907,0,0,2021-02-19
82647,35.02,919.35,2021-02-19
108029,0,0,2021-02-19
132948,0,0,2021-02-20
108029,0,0,2021-02-20
90672,0,0,2021-02-20
84351,0,0,2021-02-20
75608,9.89,252.57,2021-02-20
84328,0,0,2021-02-20
106907,0,0,2021-02-20
82647,31.21,921.68,2021-02-20
84328,0,0,2021-02-21
132948,0,0,2021-02-21
84351,0,0,2021-02-21
75608,11.96,264.53,2021-02-21
106907,0,0,2021-02-21
108029,0,0,2021-02-21
90672,0,0,2021-02-21
82647,31.55,930.64,2021-02-21
90672,0,0,2021-02-22
84328,0,0,2021-02-22
108029,0,0,2021-02-22
75608,10.77,275.3,2021-02-22
132948,0,0,2021-02-22
106907,0,0,2021-02-22
84351,0,0,2021-02-22
82647,36.25,933.69,2021-02-22
106907,0,0,2021-02-23
75608,12.39,287.69,2021-02-23
108029,0,0,2021-02-23
132948,0,0,2021-02-23
84351,0,0,2021-02-23
84328,0,0,2021-02-23
90672,0,0,2021-02-23
82647,35.18,946.33,2021-02-23
84351,0,0,2021-02-24
108029,0,0,2021-02-24
90672,0,0,2021-02-24
106907,0,0,2021-02-24
84328,0,0,2021-02-24
132948,0,0,2021-02-24
75608,13.22,300.91,2021-02-24
82647,39.36,971.98,2021-02-24
132948,0,0,2021-02-25
90672,0,0,2021-02-25
106907,0,0,2021-02-25
84328,0,0,2021-02-25
108029,0,0,2021-02-25
84351,0,0,2021-02-25
75608,13.08,313.99,2021-02-25
82647,39.69,995.3,2021-02-25
106907,0,0,2021-02-26
108029,0,0,2021-02-26
90672,0,0,2021-02-26
132948,0,0,2021-02-26
84351,0,0,2021-02-26
84328,0,0,2021-02-26
75608,14.03,328.02,2021-02-26
82647,41.88,1014.73,2021-02-26
84328,0,0,2021-02-27
90672,0,0,2021-02-27
106907,0,0,2021-02-27
84351,0,0,2021-02-27
132948,0,0,2021-02-27
108029,0,0,2021-02-27
75608,11.45,339.47,2021-02-27
82647,42.07,1028.79,2021-02-27
132948,0,0,2021-02-28
108029,0,0,2021-02-28
84351,0,0,2021-02-28
84328,0,0,2021-02-28
90672,0,0,2021-02-28
106907,0,0,2021-02-28
75608,12.77,352.24,2021-02-28
82647,41.18,1049.15,2021-02-28
132948,0,0,2021-03-01
90672,0,0,2021-03-01
106907,0,0,2021-03-01
84351,0,0,2021-03-01
84328,0,0,2021-03-01
82647,40.75,1064.67,2021-03-01
108029,0,0,2021-03-01
75608,9.74,353.77,2021-03-01
84351,0,0,2021-03-11
106907,0,0,2021-03-11
84328,0,0,2021-03-11
90672,0,0,2021-03-11
132948,0,0,2021-03-11
82647,32.81,1107.79,2021-03-11
108029,0,0,2021-03-11
75608,11.41,356.28,2021-03-11
151873,1.14,15.77,2021-03-11
84328,0,0,2021-03-12
84351,0,0,2021-03-12
90672,0,0,2021-03-12
151873,8.38,24.15,2021-03-12
106907,0,0,2021-03-12
132948,0,0,2021-03-12
75608,7.14,353.7,2021-03-12
82647,19.66,1091.98,2021-03-12
108029,0,0,2021-03-12
84328,0,0,2021-03-13
90672,0,0,2021-03-13
106907,0,0,2021-03-13
82647,29.46,1087.47,2021-03-13
75608,11.99,352.73,2021-03-13
84351,0,0,2021-03-13
151873,16.86,41.01,2021-03-13
132948,0,0,2021-03-13
108029,0,0,2021-03-13
84351,0,0,2021-03-14
151873,0.38,41.39,2021-03-14
84328,0,0,2021-03-14
108029,0,0,2021-03-14
132948,0,0,2021-03-14
90672,0,0,2021-03-14
82647,41.86,1102.82,2021-03-14
75608,14.07,355.26,2021-03-14
106907,0,0,2021-03-14
90672,0,0,2021-03-15
84328,0,0,2021-03-15
132948,0,0,2021-03-15
151873,13.9,55.29,2021-03-15
106907,0,0,2021-03-15
82647,40.3,1107.78,2021-03-15
108029,0,0,2021-03-15
75608,13.81,357.12,2021-03-15
84351,0,0,2021-03-15
84351,0,0,2021-03-16
106907,0,0,2021-03-16
90672,0,0,2021-03-16
151873,13.73,69.02,2021-03-16
84328,0,0,2021-03-16
82647,30.42,1101.14,2021-03-16
132948,0,0,2021-03-16
75608,12.65,356.37,2021-03-16
108029,0,0,2021-03-16
106907,0,0,2021-03-17
84328,0,0,2021-03-17
84351,0,0,2021-03-17
90672,0,0,2021-03-17
151873,13.88,82.9,2021-03-17
132948,0,0,2021-03-17
82647,37.89,1100.99,2021-03-17
75608,0,342.7,2021-03-17
108029,0,0,2021-03-17
132948,0,0,2021-03-18
82647,36.3,1111.26,2021-03-18
84351,0,0,2021-03-18
90672,0,0,2021-03-18
84328,0,0,2021-03-18
106907,0,0,2021-03-18
151873,11.84,94.74,2021-03-18
75608,11.24,346.36,2021-03-18
108029,0,0,2021-03-18
84328,0,0,2021-03-19
84351,0,0,2021-03-19
151873,14.69,109.43,2021-03-19
90672,0,0,2021-03-19
106907,0,0,2021-03-19
132948,0,0,2021-03-19
75608,9.36,342.51,2021-03-19
82647,24.56,1099.53,2021-03-19
108029,0,0,2021-03-19
84351,0,0,2021-03-20
106907,0,0,2021-03-20
90672,0,0,2021-03-20
84328,0,0,2021-03-20
151873,15.41,124.84,2021-03-20
132948,0,0,2021-03-20
108029,0,0,2021-03-20
82647,34.61,1094.66,2021-03-20
75608,11.77,341.05,2021-03-20
84351,0,0,2021-03-21
90672,0,0,2021-03-21
82647,26.65,1086.29,2021-03-21
106907,0,0,2021-03-21
132948,0,0,2021-03-21
108029,0,0,2021-03-21
84328,0,0,2021-03-21
75608,12.98,344.34,2021-03-21
151873,14.2,139.04,2021-03-21
106907,0,0,2021-03-22
84351,0,0,2021-03-22
84328,0,0,2021-03-22
132948,0,0,2021-03-22
108029,0,0,2021-03-22
82647,37.54,1092.62,2021-03-22
90672,0,0,2021-03-22
151873,2.9,141.94,2021-03-22
75608,12.82,347.27,2021-03-22
151873,5.8,147.74,2021-03-23
84351,0,0,2021-03-23
82647,32.76,1093.83,2021-03-23
75608,11.19,346.5,2021-03-23
108029,0,0,2021-03-23
106907,0,0,2021-03-23
132948,0,0,2021-03-23
90672,0,0,2021-03-23
84328,0,0,2021-03-23
151873,4.12,151.86,2021-03-24
106907,0,0,2021-03-24
132948,0,0,2021-03-24
90672,0,0,2021-03-24
84351,0,0,2021-03-24
84328,0,0,2021-03-24
75608,13.58,349.31,2021-03-24
108029,0,0,2021-03-24
82647,32.35,1089.93,2021-03-24
84328,0,0,2021-03-25
106907,0,0,2021-03-25
151873,13.51,165.37,2021-03-25
75608,12.81,349.73,2021-03-25
108029,0,0,2021-03-25
90672,0,0,2021-03-25
84351,0,0,2021-03-25
132948,0,0,2021-03-25
82647,39.3,1094.05,2021-03-25
82647,36.97,1091.66,2021-03-26
84328,0,0,2021-03-26
106907,0,0,2021-03-26
151873,17.73,183.1,2021-03-26
90672,0,0,2021-03-26
84351,0,0,2021-03-26
75608,13.39,349.9,2021-03-26
108029,0,0,2021-03-26
132948,0,0,2021-03-26
84328,0,0,2021-03-27
75608,13.26,350.08,2021-03-27
151873,16.12,199.22,2021-03-27
84351,0,0,2021-03-27
90672,0,0,2021-03-27
108029,0,0,2021-03-27
132948,0,0,2021-03-27
106907,0,0,2021-03-27
82647,39.88,1091.85,2021-03-27
132948,0,0,2021-03-28
106907,0,0,2021-03-28
90672,0,0,2021-03-28
82647,35.74,1085.84,2021-03-28
108029,0,0,2021-03-28
151873,15.5,214.72,2021-03-28
84351,0,0,2021-03-28
84328,0,0,2021-03-28
75608,11.18,347.23,2021-03-28
151873,0,214.72,2021-03-29
84351,0,0,2021-03-29
106907,0,0,2021-03-29
84328,0,0,2021-03-29
132948,0,0,2021-03-29
90672,0,0,2021-03-29
82647,33.68,1077.45,2021-03-29
108029,0,0,2021-03-29
75608,11.62,347.4,2021-03-29
84328,0,0,2021-03-30
84351,0,0,2021-03-30
90672,0,0,2021-03-30
132948,0,0,2021-03-30
151873,14.36,229.08,2021-03-30
106907,0,0,2021-03-30
108029,0,0,2021-03-30
82647,37.12,1073.42,2021-03-30
75608,12.59,347.22,2021-03-30
84328,0,0,2021-03-31
132948,0,0,2021-03-31
90672,0,0,2021-03-31
84351,0,0,2021-03-31
82647,40.82,1073.49,2021-03-31
75608,14.64,352.12,2021-03-31
151873,18.67,247.75,2021-03-31
106907,0,0,2021-03-31
108029,0,0,2021-03-31
132948,0,0,2021-04-01
84351,0,0,2021-04-01
90672,0,0,2021-04-01
151873,17.36,265.11,2021-04-01
106907,0,0,2021-04-01
82647,44.18,1091.08,2021-04-01
84328,0,0,2021-04-01
108029,0,0,2021-04-01
75608,15.53,354.24,2021-04-01
106907,0,0,2021-04-02
84328,0,0,2021-04-02
132948,0,0,2021-04-02
90672,0,0,2021-04-02
75608,14.4,355.88,2021-04-02
84351,0,0,2021-04-02
82647,41.82,1087.89,2021-04-02
151873,4.27,269.38,2021-04-02
108029,0,0,2021-04-02
132948,0,0,2021-04-03
90672,0,0,2021-04-03
108029,0,0,2021-04-03
84351,0,0,2021-04-03
84328,0,0,2021-04-03
151873,1.72,271.1,2021-04-03
82647,38.75,1082.54,2021-04-03
75608,12.98,356.31,2021-04-03
106907,0,0,2021-04-03
84351,0,0,2021-04-04
132948,0,0,2021-04-04
82647,42.04,1081.63,2021-04-04
75608,13.44,356.53,2021-04-04
106907,0,0,2021-04-04
90672,0,0,2021-04-04
84328,0,0,2021-04-04
151873,0,271.1,2021-04-04
108029,0,0,2021-04-04
84351,0,0,2021-04-05
84328,0,0,2021-04-05
132948,0,0,2021-04-05
90672,0,0,2021-04-05
82647,37.67,1076.02,2021-04-05
106907,0,0,2021-04-05
108029,0,0,2021-04-05
75608,12.6,355.72,2021-04-05
151873,1.69,272.79,2021-04-05
132948,0,0,2021-04-06
90672,0,0,2021-04-06
84328,0,0,2021-04-06
84351,0,0,2021-04-06
106907,0,0,2021-04-06
151873,12.23,285.02,2021-04-06
82647,36.13,1072.6,2021-04-06
108029,0,0,2021-04-06
75608,12.14,355.47,2021-04-06
84351,0,0,2021-04-07
132948,0,0,2021-04-07
90672,0,0,2021-04-07
84328,0,0,2021-04-07
82647,31.55,1066.65,2021-04-07
151873,3.93,288.95,2021-04-07
75608,10.64,354.08,2021-04-07
108029,0,0,2021-04-07
106907,0,0,2021-04-07
106907,0,0,2021-04-08
84328,0,0,2021-04-08
84351,0,0,2021-04-08
75608,10.04,356.35,2021-04-08
90672,0,0,2021-04-08
82647,32.86,1063.12,2021-04-08
151873,14.33,303.28,2021-04-08
132948,0,0,2021-04-08
108029,0,0,2021-04-08
84351,0,0,2021-04-09
84328,0,0,2021-04-09
132948,0,0,2021-04-09
106907,0,0,2021-04-09
82647,17.73,1043.57,2021-04-09
108029,0,0,2021-04-09
75608,6.97,352.24,2021-04-09
151873,17.23,305.88,2021-04-09
90672,0,0,2021-04-09
84351,0,0,2021-04-10
106907,0,0,2021-04-10
132948,0,0,2021-04-10
84328,0,0,2021-04-10
108029,0,0,2021-04-10
75608,12.89,353.72,2021-04-10
90672,0,0,2021-04-10
151873,4.27,309.01,2021-04-10
82647,41.91,1052.67,2021-04-10
84328,0,0,2021-04-11
84351,0,0,2021-04-11
90672,0,0,2021-04-11
82647,42.3,1075.31,2021-04-11
132948,0,0,2021-04-11
75608,12.15,358.73,2021-04-11
106907,0,0,2021-04-11
151873,0,300.63,2021-04-11
108029,0,0,2021-04-11
106907,0,0,2021-04-12
84351,0,0,2021-04-12
90672,0,0,2021-04-12
75608,12.26,359,2021-04-12
108029,0,0,2021-04-12
132948,0,0,2021-04-12
84328,0,0,2021-04-12
82647,38.66,1084.51,2021-04-12
151873,0,283.77,2021-04-12
82647,44.15,1086.8,2021-04-13
90672,0,0,2021-04-13
84351,0,0,2021-04-13
106907,0,0,2021-04-13
84328,0,0,2021-04-13
132948,0,0,2021-04-13
75608,11.51,356.44,2021-04-13
151873,0,283.39,2021-04-13
108029,0,0,2021-04-13
84328,0,0,2021-04-14
106907,0,0,2021-04-14
75608,11.96,354.59,2021-04-14
84351,0,0,2021-04-14
90672,0,0,2021-04-14
151873,0,269.49,2021-04-14
132948,0,0,2021-04-14
108029,0,0,2021-04-14
82647,30.59,1077.09,2021-04-14
106907,0,0,2021-04-15
84328,0,0,2021-04-15
151873,0,255.76,2021-04-15
108029,0,0,2021-04-15
82647,34.11,1096.71,2021-04-15
90672,0,0,2021-04-15
132948,0,0,2021-04-15
84351,0,0,2021-04-15
75608,9.81,351.75,2021-04-15
84328,0,0,2021-04-16
132948,0,0,2021-04-16
108029,0,0,2021-04-16
90672,0,0,2021-04-16
84351,0,0,2021-04-16
106907,0,0,2021-04-16
151873,0,241.88,2021-04-16
75608,13.72,365.47,2021-04-16
82647,42.17,1100.99,2021-04-16
84351,0,0,2021-04-17
90672,0,0,2021-04-17
151873,0,230.04,2021-04-17
82647,33.19,1097.88,2021-04-17
75608,11.31,365.54,2021-04-17
132948,0,0,2021-04-17
106907,0,0,2021-04-17
84328,0,0,2021-04-17
108029,0,0,2021-04-17
151873,0,215.35,2021-04-18
84328,0,0,2021-04-18
132948,0,0,2021-04-18
84351,0,0,2021-04-18
106907,0,0,2021-04-18
90672,0,0,2021-04-18
108029,0,0,2021-04-18
82647,43.71,1117.03,2021-04-18
75608,16.15,372.33,2021-04-18
84328,0,0,2021-04-19
106907,0,0,2021-04-19
90672,0,0,2021-04-19
132948,0,0,2021-04-19
84351,0,0,2021-04-19
75608,15.77,376.33,2021-04-19
151873,0,199.94,2021-04-19
82647,47.18,1129.6,2021-04-19
108029,0,0,2021-04-19
84328,0,0,2021-04-20
90672,0,0,2021-04-20
84351,0,0,2021-04-20
106907,0,0,2021-04-20
132948,0,0,2021-04-20
108029,0,0,2021-04-20
75608,14.1,377.45,2021-04-20
82647,22.97,1125.92,2021-04-20
151873,0,185.74,2021-04-20
106907,0,0,2021-04-21
90672,0,0,2021-04-21
84351,0,0,2021-04-21
132948,0,0,2021-04-21
84328,0,0,2021-04-21
82647,20.5,1108.88,2021-04-21
75608,7.67,372.3,2021-04-21
108029,0,0,2021-04-21
151873,0,182.84,2021-04-21
106907,0,0,2021-04-22
84328,0,0,2021-04-22
84351,0,0,2021-04-22
82647,40.73,1116.85,2021-04-22
75608,15.77,376.88,2021-04-22
90672,0,0,2021-04-22
132948,0,0,2021-04-22
108029,0,0,2021-04-22
151873,0,177.04,2021-04-22
106907,0,0,2021-04-23
84351,0,0,2021-04-23
84328,0,0,2021-04-23
90672,0,0,2021-04-23
75608,15.65,378.95,2021-04-23
132948,0,0,2021-04-23
108029,0,0,2021-04-23
151873,0,172.92,2021-04-23
82647,44.39,1128.89,2021-04-23
106907,0,0,2021-04-24
90672,0,0,2021-04-24
132948,0,0,2021-04-24
84351,0,0,2021-04-24
84328,0,0,2021-04-24
108029,0,0,2021-04-24
151873,0,159.41,2021-04-24
82647,38.76,1128.35,2021-04-24
75608,15.17,381.31,2021-04-24
84328,0,0,2021-04-25
90672,0,0,2021-04-25
84351,0,0,2021-04-25
106907,0,0,2021-04-25
132948,0,0,2021-04-25
151873,0,141.68,2021-04-25
108029,0,0,2021-04-25
82647,40.3,1131.68,2021-04-25
75608,15.05,382.97,2021-04-25
281109,0,0,2021-04-25
281460,0,0,2021-04-25
281460,0,0,2021-04-26
106907,0,0,2021-04-26
132948,0,0,2021-04-26
90672,0,0,2021-04-26
84328,0,0,2021-04-26
84351,0,0,2021-04-26
151873,0,125.56,2021-04-26
108029,0,0,2021-04-26
75608,15.06,384.77,2021-04-26
82647,45.66,1137.33,2021-04-26
281659,0,0,2021-04-26
132948,0,0,2021-04-27
281460,0,0,2021-04-27
84351,0,0,2021-04-27
84328,0,0,2021-04-27
106907,0,0,2021-04-27
90672,0,0,2021-04-27
281659,0,0,2021-04-27
108029,0,0,2021-04-27
151873,0,110.06,2021-04-27
82647,43.11,1144.7,2021-04-27
75608,13.47,387.06,2021-04-27
132948,0,0,2021-04-28
151873,0,110.06,2021-04-28
84351,0,0,2021-04-28
281460,0,0,2021-04-28
281659,0,0,2021-04-28
108029,0,0,2021-04-28
75608,13.46,388.9,2021-04-28
106907,0,0,2021-04-28
90672,0,0,2021-04-28
84328,0,0,2021-04-28
82647,37.13,1148.12,2021-04-28
84351,0,0,2021-04-29
151873,0,95.7,2021-04-29
90672,0,0,2021-04-29
106907,0,0,2021-04-29
84328,0,0,2021-04-29
281460,0,0,2021-04-29
75608,9.08,385.39,2021-04-29
132948,0,0,2021-04-29
281659,0,0,2021-04-29
82647,39.03,1150.03,2021-04-29
108029,0,0,2021-04-29
84351,0,0,2021-04-30
151873,0,77.03,2021-04-30
106907,0,0,2021-04-30
281460,0,0,2021-04-30
90672,0,0,2021-04-30
281659,0,0,2021-04-30
84328,0,0,2021-04-30
132948,0,0,2021-04-30
108029,0,0,2021-04-30
82647,20.71,1129.92,2021-04-30
75608,11.65,382.4,2021-04-30
106907,0,0,2021-05-01
82647,35.6,1121.34,2021-05-01
151873,0,59.67,2021-05-01
281460,0,0,2021-05-01
90672,0,0,2021-05-01
281659,0,0,2021-05-01
132948,0,0,2021-05-01
84328,0,0,2021-05-01
108029,0,0,2021-05-01
75608,11.78,378.65,2021-05-01
84351,0,0,2021-05-01
132948,0,0,2021-05-02
281659,0,0,2021-05-02
82647,25.96,1105.48,2021-05-02
75608,8.08,372.33,2021-05-02
108029,0,0,2021-05-02
151873,0,55.4,2021-05-02
106907,0,0,2021-05-02
84351,0,0,2021-05-02
90672,0,0,2021-05-02
281460,0,0,2021-05-02
84328,0,0,2021-05-02
281659,0,0,2021-05-03
84328,30,30,2021-05-03
132948,0,0,2021-05-03
84351,0,0,2021-05-03
281460,0,0,2021-05-03
90672,0,0,2021-05-03
108029,0,0,2021-05-03
151873,0,53.68,2021-05-03
75608,3.87,363.22,2021-05-03
106907,0,0,2021-05-03
82647,31.46,1098.19,2021-05-03
286556,0,0,2021-05-03
84328,31.35,61.38,2021-05-04
106907,0,0,2021-05-04
281659,0,0,2021-05-04
281460,0,0,2021-05-04
132948,0,0,2021-05-04
90672,0,0,2021-05-04
286556,0,0,2021-05-04
151873,0,53.68,2021-05-04
108029,0,0,2021-05-04
84351,0,0,2021-05-04
82647,37.11,1093.26,2021-05-04
75608,13.59,363.37,2021-05-04
286626,0,0,2021-05-04
286626,0,0,2021-05-05
286556,0,0,2021-05-05
281659,0,0,2021-05-05
90672,0,0,2021-05-05
106907,0,0,2021-05-05
132948,0,0,2021-05-05
84351,0,0,2021-05-05
281460,0,0,2021-05-05
84328,34.89,96.27,2021-05-05
151873,0,51.99,2021-05-05
75608,11,361.77,2021-05-05
82647,33.7,1089.29,2021-05-05
108029,0,0,2021-05-05
84328,21.17,117.44,2021-05-06
281659,0,0,2021-05-06
286626,0,0,2021-05-06
281460,0,0,2021-05-06
106907,0,0,2021-05-06
84351,0,0,2021-05-06
286556,0,0,2021-05-06
90672,0,0,2021-05-06
132948,0,0,2021-05-06
151873,0,39.76,2021-05-06
108029,0,0,2021-05-06
75608,14.15,363.78,2021-05-06
82647,40.5,1093.66,2021-05-06
106907,0,0,2021-05-07
90672,0,0,2021-05-07
286626,0,0,2021-05-07
286556,0,0,2021-05-07
151873,0,35.83,2021-05-07
281659,0,0,2021-05-07
82647,38.72,1100.83,2021-05-07
84351,0,0,2021-05-07
281460,0,0,2021-05-07
84328,31.5,148.94,2021-05-07
132948,0,0,2021-05-07
75608,13.01,366.15,2021-05-07
108029,0,0,2021-05-07
286626,0,0,2021-05-08
84351,0,0,2021-05-08
90672,0,0,2021-05-08
286556,0,0,2021-05-08
281460,0,0,2021-05-08
84328,35.52,184.46,2021-05-08
281659,0,0,2021-05-08
132948,0,0,2021-05-08
108029,0,0,2021-05-08
75608,14.03,370.14,2021-05-08
151873,0,21.5,2021-05-08
106907,0,0,2021-05-08
82647,40.24,1108.21,2021-05-08
281460,0,0,2021-05-09
90672,0,0,2021-05-09
286556,0,0,2021-05-09
286626,0,0,2021-05-09
84351,0,0,2021-05-09
281659,0,0,2021-05-09
84328,34.46,218.92,2021-05-09
132948,0,0,2021-05-09
75608,13.94,377.11,2021-05-09
82647,49.26,1139.74,2021-05-09
151873,0,4.27,2021-05-09
108029,0,0,2021-05-09
106907,0,0,2021-05-09
281659,0,0,2021-05-10
90672,0,0,2021-05-10
106907,0,0,2021-05-10
132948,0,0,2021-05-10
286556,0,0,2021-05-10
286626,0,0,2021-05-10
84351,0,0,2021-05-10
281460,0,0,2021-05-10
84328,24.96,243.88,2021-05-10
82647,49.77,1147.6,2021-05-10
75608,13.34,377.56,2021-05-10
108029,0,0,2021-05-10
151873,0,0,2021-05-10
106907,0,0,2021-05-11
281659,0,0,2021-05-11
281460,0,0,2021-05-11
90672,0,0,2021-05-11
84328,27.01,270.89,2021-05-11
132948,0,0,2021-05-11
286626,0,0,2021-05-11
286556,0,0,2021-05-11
84351,0,0,2021-05-11
82647,42.47,1147.77,2021-05-11
108029,0,0,2021-05-11
75608,13.99,379.4,2021-05-11
151873,0,0,2021-05-11
286626,0,0,2021-05-12
286556,0,0,2021-05-12
106907,0,0,2021-05-12
281659,0,0,2021-05-12
90672,0,0,2021-05-12
281460,0,0,2021-05-12
84351,0,0,2021-05-12
132948,0,0,2021-05-12
84328,30.39,301.28,2021-05-12
108029,0,0,2021-05-12
75608,12.03,379.17,2021-05-12
151873,0,0,2021-05-12
82647,44.3,1153.41,2021-05-12
84351,0,0,2021-05-13
90672,0,0,2021-05-13
106907,0,0,2021-05-13
286626,0,0,2021-05-13
281659,0,0,2021-05-13
286556,0,0,2021-05-13
132948,0,0,2021-05-13
281460,0,0,2021-05-13
84328,17.54,318.82,2021-05-13
82647,29.34,1138.6,2021-05-13
108029,0,0,2021-05-13
151873,0,0,2021-05-13
75608,8.52,376.18,2021-05-13
296487,0,0,2021-05-13
132948,0,0,2021-05-14
286626,0,0,2021-05-14
106907,0,0,2021-05-14
84351,0,0,2021-05-14
281659,0,0,2021-05-14
281460,0,0,2021-05-14
296487,31.67,31.67,2021-05-14
286556,0,0,2021-05-14
84328,5.95,324.77,2021-05-14
151873,0,0,2021-05-14
82647,48.93,1141.01,2021-05-14
75608,15.16,379.38,2021-05-14
108029,0,0,2021-05-14
90672,0,0,2021-05-14
90672,0,0,2021-05-15
286626,0,0,2021-05-15
296487,27.05,58.72,2021-05-15
84328,2.36,327.13,2021-05-15
106907,0,0,2021-05-15
281460,0,0,2021-05-15
132948,0,0,2021-05-15
84351,0,0,2021-05-15
281659,0,0,2021-05-15
82647,36.55,1143.45,2021-05-15
151873,0,0,2021-05-15
108029,0,0,2021-05-15
286556,0,0,2021-05-15
75608,10.1,379.67,2021-05-15
84351,0,0,2021-05-16
84328,5.33,332.46,2021-05-16
132948,0,0,2021-05-16
281659,0,0,2021-05-16
296487,26.16,84.88,2021-05-16
286556,0,0,2021-05-16
281460,0,0,2021-05-16
106907,0,0,2021-05-16
108029,0,0,2021-05-16
82647,45.51,1146.79,2021-05-16
151873,0,0,2021-05-16
286626,0,0,2021-05-16
90672,0,0,2021-05-16
75608,13.94,379.89,2021-05-16
106907,0,0,2021-05-17
90672,0,0,2021-05-17
84351,0,0,2021-05-17
281659,0,0,2021-05-17
84328,16.12,348.58,2021-05-17
286556,0,0,2021-05-17
132948,0,0,2021-05-17
281460,0,0,2021-05-17
151873,0,0,2021-05-17
108029,0,0,2021-05-17
82647,36.57,1150.17,2021-05-17
296487,29.19,114.07,2021-05-17
75608,6.07,374.65,2021-05-17
286626,0,0,2021-05-17
132948,0,0,2021-05-18
106907,0,0,2021-05-18
84351,0,0,2021-05-18
286556,0,0,2021-05-18
281659,0,0,2021-05-18
108029,0,0,2021-05-18
90672,0,0,2021-05-18
151873,0,0,2021-05-18
286626,0,0,2021-05-18
281460,0,0,2021-05-18
82647,15.16,1121.62,2021-05-18
84328,13.42,362,2021-05-18
296487,14.11,128.18,2021-05-18
75608,4.7,363.2,2021-05-18
281460,0,0,2021-05-19
296487,17.31,145.49,2021-05-19
84351,0,0,2021-05-19
90672,0,0,2021-05-19
286556,0,0,2021-05-19
132948,0,0,2021-05-19
75608,4.45,351.88,2021-05-19
106907,0,0,2021-05-19
281659,0,0,2021-05-19
82647,25.07,1099.51,2021-05-19
108029,0,0,2021-05-19
286626,0,0,2021-05-19
151873,0,0,2021-05-19
84328,28.11,390.11,2021-05-19
106907,0,0,2021-05-20
84351,0,0,2021-05-20
281659,0,0,2021-05-20
281460,0,0,2021-05-20
296487,30.44,175.93,2021-05-20
286556,0,0,2021-05-20
90672,0,0,2021-05-20
84328,29.18,419.29,2021-05-20
286626,0,0,2021-05-20
75608,0.75,338.53,2021-05-20
108029,0,0,2021-05-20
132948,0,0,2021-05-20
151873,0,0,2021-05-20
82647,23.1,1099.64,2021-05-20
84351,0,0,2021-05-21
82647,35.41,1114.55,2021-05-21
296487,31.71,207.64,2021-05-21
106907,0,0,2021-05-21
286556,0,0,2021-05-21
281460,0,0,2021-05-21
151873,0,0,2021-05-21
286626,0,0,2021-05-21
132948,0,0,2021-05-21
90672,0,0,2021-05-21
84328,5.4,424.69,2021-05-21
281659,0,0,2021-05-21
75608,13.15,344.01,2021-05-21
108029,0,0,2021-05-21
303160,16.71,16.71,2021-05-21
90672,0,0,2021-05-22
106907,0,0,2021-05-22
84351,0,0,2021-05-22
281659,0,0,2021-05-22
84328,34.49,459.18,2021-05-22
286626,0,0,2021-05-22
296487,29.77,237.41,2021-05-22
281460,0,0,2021-05-22
132948,0,0,2021-05-22
286556,0,0,2021-05-22
303160,27.52,44.23,2021-05-22
108029,0,0,2021-05-22
75608,13.57,341.81,2021-05-22
151873,0,0,2021-05-22
82647,50.03,1123.85,2021-05-22
286626,0,0,2021-05-23
132948,0,0,2021-05-23
303160,15.52,59.75,2021-05-23
106907,0,0,2021-05-23
84328,28.26,487.44,2021-05-23
281659,0,0,2021-05-23
281460,0,0,2021-05-23
286556,0,0,2021-05-23
84351,0,0,2021-05-23
108029,0,0,2021-05-23
90672,0,0,2021-05-23
296487,30.03,267.44,2021-05-23
151873,0,0,2021-05-23
75608,14.74,340.9,2021-05-23
82647,46.57,1126.03,2021-05-23
132948,0,0,2021-05-24
281659,0,0,2021-05-24
286556,0,0,2021-05-24
108029,0,0,2021-05-24
90672,0,0,2021-05-24
286626,0,0,2021-05-24
84328,34.65,522.09,2021-05-24
84351,0,0,2021-05-24
281460,0,0,2021-05-24
303160,29.61,89.36,2021-05-24
106907,0,0,2021-05-24
82647,50.29,1137.56,2021-05-24
151873,0,0,2021-05-24
75608,15.33,341.06,2021-05-24
296487,32.35,299.79,2021-05-24
106907,0,0,2021-05-25
90672,0,0,2021-05-25
84351,0,0,2021-05-25
281659,0,0,2021-05-25
108029,0,0,2021-05-25
296487,31.14,330.93,2021-05-25
132948,0,0,2021-05-25
281460,0,0,2021-05-25
303160,25.49,114.85,2021-05-25
286626,0,0,2021-05-25
286556,0,0,2021-05-25
84328,22.83,544.92,2021-05-25
151873,0,0,2021-05-25
75608,14.8,340.81,2021-05-25
82647,45.08,1142.34,2021-05-25
281460,0,0,2021-05-26
286626,0,0,2021-05-26
84351,0,0,2021-05-26
132948,0,0,2021-05-26
84328,16.13,561.05,2021-05-26
90672,0,0,2021-05-26
296487,31.22,362.15,2021-05-26
303160,27.59,142.44,2021-05-26
286556,0,0,2021-05-26
281659,0,0,2021-05-26
106907,0,0,2021-05-26
75608,14.24,339.99,2021-05-26
151873,0,0,2021-05-26
108029,0,0,2021-05-26
82647,30.13,1126.81,2021-05-26
84328,33.6,594.65,2021-05-27
286556,0,0,2021-05-27
303160,25.07,167.51,2021-05-27
281659,0,0,2021-05-27
106907,0,0,2021-05-27
286626,0,0,2021-05-27
90672,0,0,2021-05-27
281460,0,0,2021-05-27
132948,0,0,2021-05-27
108029,0,0,2021-05-27
151873,0,0,2021-05-27
82647,8.85,1092.55,2021-05-27
75608,10.4,336.92,2021-05-27
296487,31.33,393.48,2021-05-27
84351,0,0,2021-05-27
84351,0,0,2021-05-28
281659,0,0,2021-05-28
286626,0,0,2021-05-28
281460,0,0,2021-05-28
106907,0,0,2021-05-28
286556,0,0,2021-05-28
303160,25.6,193.11,2021-05-28
90672,0,0,2021-05-28
108029,0,0,2021-05-28
75608,5.05,328.51,2021-05-28
132948,0,0,2021-05-28
84328,32.12,626.77,2021-05-28
82647,14.52,1069.94,2021-05-28
296487,29.54,423.02,2021-05-28
151873,0,0,2021-05-28
303160,17.52,210.63,2021-05-29
132948,0,0,2021-05-29
281659,0,0,2021-05-29
286556,0,0,2021-05-29
286626,0,0,2021-05-29
90672,0,0,2021-05-29
106907,0,0,2021-05-29
281460,0,0,2021-05-29
84351,0,0,2021-05-29
296487,29.08,452.1,2021-05-29
151873,0,0,2021-05-29
84328,18.97,645.74,2021-05-29
108029,0,0,2021-05-29
82647,17.2,1048.11,2021-05-29
75608,4.32,323.75,2021-05-29
84351,0,0,2021-05-30
90672,0,0,2021-05-30
296487,28.07,480.17,2021-05-30
303160,0,210.63,2021-05-30
75608,11.94,324.04,2021-05-30
281659,0,0,2021-05-30
281460,0,0,2021-05-30
286556,0,0,2021-05-30
84328,22.58,668.32,2021-05-30
151873,0,0,2021-05-30
82647,30.37,1057.77,2021-05-30
106907,0,0,2021-05-30
132948,0,0,2021-05-30
286626,0,0,2021-05-30
108029,0,0,2021-05-30
90672,0,0,2021-05-31
281460,0,0,2021-05-31
106907,0,0,2021-05-31
296487,12.35,492.52,2021-05-31
281659,0,0,2021-05-31
82647,48.96,1071.13,2021-05-31
108029,0,0,2021-05-31
151873,0,0,2021-05-31
84351,0,0,2021-05-31
303160,0,210.63,2021-05-31
286556,0,0,2021-05-31
84328,31.55,699.87,2021-05-31
132948,0,0,2021-05-31
286626,0,0,2021-05-31
75608,12.13,324.39,2021-05-31
281460,0,0,2021-06-01
286626,0,0,2021-06-01
132948,0,0,2021-06-01
151873,0,0,2021-06-01
82647,26.99,1072.16,2021-06-01
106907,0,0,2021-06-01
286556,0,0,2021-06-01
84351,0,0,2021-06-01
281659,0,0,2021-06-01
303160,0,210.63,2021-06-01
90672,0,0,2021-06-01
296487,0,492.52,2021-06-01
108029,0,0,2021-06-01
84328,36.03,735.9,2021-06-01
75608,13.22,329.53,2021-06-01
286556,0,0,2021-06-02
281460,0,0,2021-06-02
281659,0,0,2021-06-02
90672,0,0,2021-06-02
303160,0,210.63,2021-06-02
106907,0,0,2021-06-02
82647,51.12,1091.82,2021-06-02
84351,0,0,2021-06-02
132948,0,0,2021-06-02
286626,0,0,2021-06-02
151873,0,0,2021-06-02
296487,0,492.52,2021-06-02
108029,0,0,2021-06-02
84328,32.29,738.16,2021-06-02
75608,13.07,338.73,2021-06-02
151873,0,0,2021-06-03
84351,0,0,2021-06-03
296487,28.3,520.82,2021-06-03
303160,0,210.63,2021-06-03
84328,35.79,742.6,2021-06-03
286556,0,0,2021-06-03
281460,0,0,2021-06-03
106907,0,0,2021-06-03
281659,0,0,2021-06-03
132948,0,0,2021-06-03
286626,0,0,2021-06-03
90672,0,0,2021-06-03
108029,0,0,2021-06-03
82647,48.42,1103.13,2021-06-03
75608,12.52,337.66,2021-06-03
286626,0,0,2021-06-04
108029,0,0,2021-06-04
106907,0,0,2021-06-04
281460,0,0,2021-06-04
132948,0,0,2021-06-04
286556,0,0,2021-06-04
296487,29.43,550.25,2021-06-04
84351,0,0,2021-06-04
90672,0,0,2021-06-04
281659,0,0,2021-06-04
151873,0,0,2021-06-04
303160,0,210.63,2021-06-04
82647,38.05,1107.48,2021-06-04
84328,26.08,733.79,2021-06-04
75608,12.44,339.1,2021-06-04
90672,0,0,2021-06-05
106907,0,0,2021-06-05
75608,12.57,337.52,2021-06-05
108029,0,0,2021-06-05
132948,0,0,2021-06-05
286556,0,0,2021-06-05
84328,10.37,722.99,2021-06-05
303160,0,210.63,2021-06-05
296487,27.72,577.97,2021-06-05
286626,0,0,2021-06-05
281659,0,0,2021-06-05
151873,0,0,2021-06-05
82647,42.4,1109.38,2021-06-05
281460,0,0,2021-06-05
84351,0,0,2021-06-05
286556,0,0,2021-06-06
303160,0,210.63,2021-06-06
281659,0,0,2021-06-06
151873,0,0,2021-06-06
286626,0,0,2021-06-06
106907,0,0,2021-06-06
132948,0,0,2021-06-06
281460,0,0,2021-06-06
108029,0,0,2021-06-06
90672,0,0,2021-06-06
82647,50.6,1121.26,2021-06-06
75608,14.26,338.77,2021-06-06
296487,30.04,608.01,2021-06-06
84351,0,0,2021-06-06
84328,36.33,727.82,2021-06-06
106907,0,0,2021-06-07
281460,0,0,2021-06-07
132948,0,0,2021-06-07
90672,0,0,2021-06-07
296487,31.01,639.02,2021-06-07
151873,0,0,2021-06-07
84351,0,0,2021-06-07
281659,0,0,2021-06-07
286556,0,0,2021-06-07
108029,0,0,2021-06-07
286626,0,0,2021-06-07
303160,0,210.63,2021-06-07
82647,42.61,1123.63,2021-06-07
84328,33.46,725.76,2021-06-07
75608,8.64,333.38,2021-06-07
84351,0,0,2021-06-08
90672,0,0,2021-06-08
106907,0,0,2021-06-08
132948,0,0,2021-06-08
286626,0,0,2021-06-08
281659,0,0,2021-06-08
286556,0,0,2021-06-08
281460,0,0,2021-06-08
151873,0,0,2021-06-08
303160,0,210.63,2021-06-08
296487,28.04,667.06,2021-06-08
108029,0,0,2021-06-08
75608,9.9,329.34,2021-06-08
82647,37.08,1111.45,2021-06-08
84328,32.88,724.18,2021-06-08
303160,0,210.63,2021-06-09
90672,0,0,2021-06-09
132948,0,0,2021-06-09
151873,0,0,2021-06-09
296487,29.84,696.9,2021-06-09
84351,0,0,2021-06-09
281659,0,0,2021-06-09
286626,0,0,2021-06-09
106907,0,0,2021-06-09
281460,0,0,2021-06-09
82647,31.41,1093.09,2021-06-09
108029,0,0,2021-06-09
286556,0,0,2021-06-09
84328,28.33,727.55,2021-06-09
75608,5.47,321.47,2021-06-09
132948,0,0,2021-06-10
281659,0,0,2021-06-10
151873,0,0,2021-06-10
75608,3.09,310.57,2021-06-10
286556,0,0,2021-06-10
303160,0,210.63,2021-06-10
286626,0,0,2021-06-10
281460,0,0,2021-06-10
84351,0,0,2021-06-10
106907,0,0,2021-06-10
90672,0,0,2021-06-10
84328,29.4,729.94,2021-06-10
296487,30.21,727.11,2021-06-10
108029,0,0,2021-06-10
82647,30.06,1080.68,2021-06-10
90672,0,0,2021-06-11
303160,0,210.63,2021-06-11
286626,0,0,2021-06-11
151873,0,0,2021-06-11
281460,0,0,2021-06-11
84351,0,0,2021-06-11
132948,0,0,2021-06-11
106907,0,0,2021-06-11
286556,0,0,2021-06-11
281659,0,0,2021-06-11
108029,0,0,2021-06-11
296487,22.4,749.51,2021-06-11
75608,12.16,310.7,2021-06-11
84328,26.26,725.81,2021-06-11
82647,34.64,1071.02,2021-06-11
108029,0,0,2021-06-12
84351,0,0,2021-06-12
303160,0,210.63,2021-06-12
90672,0,0,2021-06-12
286626,0,0,2021-06-12
151873,0,0,2021-06-12
132948,0,0,2021-06-12
286556,0,0,2021-06-12
296487,26.18,775.69,2021-06-12
281460,0,0,2021-06-12
106907,0,0,2021-06-12
82647,31.89,1073.57,2021-06-12
281659,0,0,2021-06-12
84328,15.38,723.65,2021-06-12
75608,11.09,313.27,2021-06-12
286626,0,0,2021-06-13
84351,0,0,2021-06-13
281460,0,0,2021-06-13
296487,18.43,762.45,2021-06-13
286556,0,0,2021-06-13
84328,17.32,735.02,2021-06-13
303160,0,210.63,2021-06-13
132948,0,0,2021-06-13
90672,0,0,2021-06-13
281659,0,0,2021-06-13
151873,0,0,2021-06-13
106907,0,0,2021-06-13
108029,0,0,2021-06-13
75608,4.66,302.77,2021-06-13
82647,25.03,1049.67,2021-06-13
84351,0,0,2021-06-14
286626,0,0,2021-06-14
90672,0,0,2021-06-14
281460,0,0,2021-06-14
281659,0,0,2021-06-14
132948,0,0,2021-06-14
75608,2.04,294.72,2021-06-14
106907,0,0,2021-06-14
151873,0,0,2021-06-14
303160,0,210.63,2021-06-14
108029,0,0,2021-06-14
82647,32.14,1045.26,2021-06-14
296487,10.7,746.1,2021-06-14
84328,5.9,738.56,2021-06-14
286556,0,0,2021-06-14
286626,0,0,2021-06-15
281460,0,0,2021-06-15
90672,0,0,2021-06-15
286556,0,0,2021-06-15
132948,0,0,2021-06-15
84351,0,0,2021-06-15
281659,0,0,2021-06-15
303160,0,210.63,2021-06-15
106907,0,0,2021-06-15
151873,0,0,2021-06-15
75608,10.97,291.75,2021-06-15
296487,7.54,727.48,2021-06-15
82647,15.41,1015.16,2021-06-15
108029,0,0,2021-06-15
84328,21.39,754.62,2021-06-15
286626,0,0,2021-06-16
106907,0,0,2021-06-16
286556,0,0,2021-06-16
84351,0,0,2021-06-16
281659,0,0,2021-06-16
281460,0,0,2021-06-16
90672,0,0,2021-06-16
151873,0,0,2021-06-16
132948,0,0,2021-06-16
303160,0,210.63,2021-06-16
84328,25.25,763.76,2021-06-16
108029,0,0,2021-06-16
82647,28.11,1006.71,2021-06-16
296487,28.59,726.88,2021-06-16
75608,13.33,299.01,2021-06-16
90672,0,0,2021-06-17
286626,0,0,2021-06-17
286556,0,0,2021-06-17
106907,0,0,2021-06-17
132948,0,0,2021-06-17
281460,0,0,2021-06-17
84351,0,0,2021-06-17
281659,0,0,2021-06-17
151873,0,0,2021-06-17
75608,3.08,297.39,2021-06-17
303160,0,210.63,2021-06-17
108029,0,0,2021-06-17
296487,11.97,724.74,2021-06-17
82647,2.35,993.9,2021-06-17
84328,24.04,774.38,2021-06-17
84351,0,0,2021-06-18
303160,0,210.63,2021-06-18
90672,0,0,2021-06-18
132948,0,0,2021-06-18
108029,0,0,2021-06-18
151873,0,0,2021-06-18
286626,0,0,2021-06-18
281460,0,0,2021-06-18
82647,20.15,988.98,2021-06-18
281659,0,0,2021-06-18
286556,0,0,2021-06-18
84328,28.38,774.65,2021-06-18
296487,30.83,738.26,2021-06-18
106907,0,0,2021-06-18
75608,2.17,295.11,2021-06-18
108029,0,0,2021-06-19
132948,0,0,2021-06-19
151873,0,0,2021-06-19
286556,0,0,2021-06-19
90672,0,0,2021-06-19
281659,0,0,2021-06-19
281460,0,0,2021-06-19
106907,0,0,2021-06-19
286626,0,0,2021-06-19
84351,0,0,2021-06-19
303160,0,210.63,2021-06-19
75608,3.3,297.66,2021-06-19
82647,6.72,972.6,2021-06-19
84328,30.8,776.27,2021-06-19
296487,30.53,738.35,2021-06-19
281659,0,0,2021-06-20
281460,0,0,2021-06-20
286626,0,0,2021-06-20
132948,0,0,2021-06-20
84351,0,0,2021-06-20
286556,0,0,2021-06-20
108029,0,0,2021-06-20
82647,26.4,963.59,2021-06-20
90672,0,0,2021-06-20
75608,8.31,292.82,2021-06-20
106907,0,0,2021-06-20
296487,28.25,734.89,2021-06-20
303160,0,193.92,2021-06-20
84328,21.09,791.96,2021-06-20
151873,0,0,2021-06-20
106907,0,0,2021-06-21
132948,0,0,2021-06-21
286556,0,0,2021-06-21
286626,0,0,2021-06-21
84351,0,0,2021-06-21
281460,0,0,2021-06-21
151873,0,0,2021-06-21
90672,0,0,2021-06-21
108029,0,0,2021-06-21
75608,8.03,287.28,2021-06-21
296487,31.39,736.51,2021-06-21
281659,0,0,2021-06-21
84328,35.3,792.77,2021-06-21
303160,0,166.4,2021-06-21
82647,12.16,925.72,2021-06-21
286626,0,0,2021-06-22
132948,0,0,2021-06-22
84351,0,0,2021-06-22
303160,0,150.88,2021-06-22
286556,0,0,2021-06-22
108029,0,0,2021-06-22
296487,30.79,737.27,2021-06-22
151873,0,0,2021-06-22
84328,20.48,784.99,2021-06-22
106907,0,0,2021-06-22
281659,0,0,2021-06-22
90672,0,0,2021-06-22
281460,0,0,2021-06-22
75608,11.54,284.08,2021-06-22
82647,0,879.15,2021-06-22
84351,0,0,2021-06-23
132948,0,0,2021-06-23
90672,0,0,2021-06-23
286556,0,0,2021-06-23
303160,0,121.27,2021-06-23
151873,0,0,2021-06-23
281659,0,0,2021-06-23
75608,10.14,278.89,2021-06-23
296487,24.35,729.27,2021-06-23
84328,29.33,779.67,2021-06-23
106907,0,0,2021-06-23
108029,0,0,2021-06-23
281460,0,0,2021-06-23
82647,26.34,855.2,2021-06-23
286626,0,0,2021-06-23
84351,0,0,2021-06-24
281659,0,0,2021-06-24
303160,0,95.78,2021-06-24
286556,0,0,2021-06-24
281460,0,0,2021-06-24
286626,0,0,2021-06-24
106907,0,0,2021-06-24
90672,0,0,2021-06-24
151873,0,0,2021-06-24
132948,0,0,2021-06-24
108029,0,0,2021-06-24
296487,28.52,726.89,2021-06-24
82647,33.18,843.3,2021-06-24
84328,18.16,775,2021-06-24
75608,6.57,270.66,2021-06-24
132948,0,0,2021-06-25
286626,0,0,2021-06-25
106907,0,0,2021-06-25
90672,0,0,2021-06-25
151873,0,0,2021-06-25
84351,0,0,2021-06-25
286556,0,0,2021-06-25
281659,0,0,2021-06-25
281460,0,0,2021-06-25
303160,0,68.19,2021-06-25
84328,2.8,761.67,2021-06-25
82647,22.3,835.47,2021-06-25
75608,8.03,264.45,2021-06-25
296487,30.28,725.95,2021-06-25
108029,0,0,2021-06-25
90672,0,0,2021-06-26
132948,0,0,2021-06-26
281460,0,0,2021-06-26
151873,0,0,2021-06-26
106907,0,0,2021-06-26
286626,0,0,2021-06-26
84351,0,0,2021-06-26
281659,0,0,2021-06-26
286556,0,0,2021-06-26
303160,0,43.12,2021-06-26
296487,23.67,718.29,2021-06-26
84328,24.27,752.34,2021-06-26
75608,12.48,266.53,2021-06-26
82647,17.72,844.34,2021-06-26
108029,0,0,2021-06-26
303160,0,17.52,2021-06-27
132948,0,0,2021-06-27
286556,0,0,2021-06-27
90672,0,0,2021-06-27
151873,0,0,2021-06-27
106907,0,0,2021-06-27
84351,0,0,2021-06-27
281659,0,0,2021-06-27
286626,0,0,2021-06-27
281460,0,0,2021-06-27
108029,0,0,2021-06-27
82647,26.93,856.75,2021-06-27
296487,29.5,718.25,2021-06-27
75608,12.51,273.99,2021-06-27
84328,14.03,734.5,2021-06-27
90672,0,0,2021-06-28
286626,0,0,2021-06-28
286556,0,0,2021-06-28
84351,0,0,2021-06-28
106907,0,0,2021-06-28
151873,0,0,2021-06-28
303160,0,0,2021-06-28
281460,0,0,2021-06-28
281659,0,0,2021-06-28
132948,0,0,2021-06-28
296487,29.69,718.86,2021-06-28
84328,18.74,734.27,2021-06-28
75608,9.25,278.92,2021-06-28
108029,0,0,2021-06-28
82647,43.68,883.23,2021-06-28
106907,0,0,2021-06-29
151873,0,0,2021-06-29
281659,0,0,2021-06-29
82647,27.62,880.48,2021-06-29
84328,33.52,745.21,2021-06-29
108029,0,0,2021-06-29
132948,0,0,2021-06-29
84351,0,0,2021-06-29
90672,0,0,2021-06-29
286626,0,0,2021-06-29
303160,0,0,2021-06-29
286556,0,0,2021-06-29
281460,0,0,2021-06-29
296487,29.75,720.54,2021-06-29
75608,8.99,275.97,2021-06-29
90672,0,0,2021-06-30
281659,0,0,2021-06-30
84351,0,0,2021-06-30
281460,0,0,2021-06-30
106907,0,0,2021-06-30
286556,0,0,2021-06-30
151873,0,0,2021-06-30
303160,0,0,2021-06-30
108029,0,0,2021-06-30
132948,0,0,2021-06-30
286626,0,0,2021-06-30
296487,24.92,733.11,2021-06-30
75608,11.43,275.27,2021-06-30
82647,27.18,858.7,2021-06-30
84328,26.75,740.41,2021-06-30
286556,0,0,2021-07-01
281659,0,0,2021-07-01
84351,0,0,2021-07-01
303160,0,0,2021-07-01
151873,0,0,2021-07-01
106907,0,0,2021-07-01
286626,0,0,2021-07-01
281460,0,0,2021-07-01
132948,0,0,2021-07-01
90672,0,0,2021-07-01
108029,0,0,2021-07-01
82647,34.4,866.11,2021-07-01
75608,12.19,274.24,2021-07-01
296487,29.16,762.27,2021-07-01
84328,9.37,713.75,2021-07-01
281460,0,0,2021-07-02
281659,0,0,2021-07-02
84351,0,0,2021-07-02
286556,0,0,2021-07-02
132948,0,0,2021-07-02
106907,0,0,2021-07-02
108029,0,0,2021-07-02
286626,0,0,2021-07-02
151873,0,0,2021-07-02
90672,0,0,2021-07-02
303160,0,0,2021-07-02
82647,19.61,834.6,2021-07-02
296487,26.77,789.04,2021-07-02
84328,26.86,708.32,2021-07-02
75608,9.57,270.74,2021-07-02
1194733,20.46,20.46,2021-07-02
90672,0,0,2021-07-03
1194733,25.47,45.93,2021-07-03
151873,0,0,2021-07-03
281460,0,0,2021-07-03
281659,0,0,2021-07-03
286556,0,0,2021-07-03
106907,0,0,2021-07-03
84351,0,0,2021-07-03
84328,30.3,702.83,2021-07-03
286626,0,0,2021-07-03
132948,0,0,2021-07-03
296487,29.78,790.52,2021-07-03
108029,0,0,2021-07-03
75608,9.21,267.43,2021-07-03
82647,46.66,832.84,2021-07-03
90672,0,0,2021-07-04
281659,0,0,2021-07-04
286626,0,0,2021-07-04
286556,0,0,2021-07-04
151873,0,0,2021-07-04
281460,0,0,2021-07-04
106907,0,0,2021-07-04
1194733,25.28,71.21,2021-07-04
132948,0,0,2021-07-04
84351,0,0,2021-07-04
84328,33.98,710.73,2021-07-04
75608,9.84,264.83,2021-07-04
82647,39.97,834.76,2021-07-04
108029,0,0,2021-07-04
296487,0,761.09,2021-07-04
281460,0,0,2021-07-05
151873,0,0,2021-07-05
296487,29.37,762.74,2021-07-05
84351,0,0,2021-07-05
82647,31.93,824.29,2021-07-05
90672,0,0,2021-07-05
286556,0,0,2021-07-05
1194733,17.56,88.77,2021-07-05
286626,0,0,2021-07-05
132948,0,0,2021-07-05
281659,0,0,2021-07-05
106907,0,0,2021-07-05
108029,0,0,2021-07-05
84328,27.06,727.42,2021-07-05
75608,11.09,263.35,2021-07-05
151873,0,0,2021-07-06
281460,0,0,2021-07-06
296487,30.28,762.98,2021-07-06
281659,0,0,2021-07-06
132948,0,0,2021-07-06
286556,0,0,2021-07-06
90672,0,0,2021-07-06
84351,0,0,2021-07-06
106907,0,0,2021-07-06
286626,0,0,2021-07-06
1194733,15.79,104.56,2021-07-06
82647,48.72,822.41,2021-07-06
84328,27.79,718.88,2021-07-06
108029,0,0,2021-07-06
75608,10.12,259.21,2021-07-06
106907,0,0,2021-07-07
281659,0,0,2021-07-07
75608,9.84,260.41,2021-07-07
286556,0,0,2021-07-07
1194733,15.34,119.9,2021-07-07
281460,0,0,2021-07-07
151873,0,0,2021-07-07
132948,0,0,2021-07-07
84351,0,0,2021-07-07
108029,0,0,2021-07-07
286626,0,0,2021-07-07
90672,0,0,2021-07-07
82647,41.63,821.43,2021-07-07
296487,30.4,762.37,2021-07-07
84328,13.17,698.59,2021-07-07
151873,0,0,2021-07-08
281460,0,0,2021-07-08
286556,0,0,2021-07-08
106907,0,0,2021-07-08
90672,0,0,2021-07-08
84351,0,0,2021-07-08
1194733,10.05,129.95,2021-07-08
286626,0,0,2021-07-08
281659,0,0,2021-07-08
132948,0,0,2021-07-08
108029,0,0,2021-07-08
296487,23.54,757.87,2021-07-08
82647,14,798.35,2021-07-08
75608,5.85,256.36,2021-07-08
84328,30.29,696,2021-07-08
286626,0,0,2021-07-09
281659,0,0,2021-07-09
106907,0,0,2021-07-09
286556,0,0,2021-07-09
75608,11.29,262.18,2021-07-09
296487,25.43,753.46,2021-07-09
90672,0,0,2021-07-09
281460,0,0,2021-07-09
132948,0,0,2021-07-09
84351,0,0,2021-07-09
151873,0,0,2021-07-09
1194733,17.27,147.22,2021-07-09
108029,0,0,2021-07-09
82647,37.48,804.42,2021-07-09
84328,21.82,689.49,2021-07-09
106907,0,0,2021-07-10
281659,0,0,2021-07-10
281460,0,0,2021-07-10
151873,0,0,2021-07-10
286556,0,0,2021-07-10
286626,0,0,2021-07-10
132948,0,0,2021-07-10
84351,0,0,2021-07-10
90672,0,0,2021-07-10
82647,40.02,814.38,2021-07-10
1194733,13.71,160.93,2021-07-10
84328,2.48,662.57,2021-07-10
75608,10.53,269.62,2021-07-10
296487,27.76,751.01,2021-07-10
108029,0,0,2021-07-10
286626,0,0,2021-07-11
1194733,6.94,167.87,2021-07-11
132948,0,0,2021-07-11
106907,0,0,2021-07-11
75608,7.2,264.66,2021-07-11
90672,0,0,2021-07-11
281460,0,0,2021-07-11
286556,0,0,2021-07-11
108029,0,0,2021-07-11
151873,0,0,2021-07-11
84351,0,0,2021-07-11
296487,28.91,757.52,2021-07-11
84328,0,636.31,2021-07-11
82647,36.97,816.71,2021-07-11
281659,0,0,2021-07-11
281659,0,0,2021-07-12
84351,0,0,2021-07-12
151873,0,0,2021-07-12
108029,0,0,2021-07-12
106907,0,0,2021-07-12
281460,0,0,2021-07-12
90672,0,0,2021-07-12
286556,0,0,2021-07-12
1194733,2.4,170.27,2021-07-12
132948,0,0,2021-07-12
75608,11.64,265.21,2021-07-12
82647,46.64,831.46,2021-07-12
84328,0,620.93,2021-07-12
296487,25.89,757.23,2021-07-12
286626,0,0,2021-07-12
90672,0,0,2021-07-13
132948,0,0,2021-07-13
281460,0,0,2021-07-13
82647,44.79,851.22,2021-07-13
84351,0,0,2021-07-13
286626,0,0,2021-07-13
151873,0,0,2021-07-13
281659,0,0,2021-07-13
286556,0,0,2021-07-13
106907,0,0,2021-07-13
75608,13.3,273.84,2021-07-13
108029,0,0,2021-07-13
1194733,21.32,191.59,2021-07-13
84328,0,603.61,2021-07-13
296487,10.11,748.91,2021-07-13
108029,0,0,2021-07-14
286626,0,0,2021-07-14
84351,0,0,2021-07-14
106907,0,0,2021-07-14
281460,0,0,2021-07-14
90672,0,0,2021-07-14
151873,0,0,2021-07-14
281659,0,0,2021-07-14
286556,0,0,2021-07-14
1194733,23.39,214.98,2021-07-14
132948,0,0,2021-07-14
75608,12.99,284.79,2021-07-14
296487,29.58,768.12,2021-07-14
82647,45.55,864.63,2021-07-14
84328,0,597.71,2021-07-14
84351,0,0,2021-07-15
151873,0,0,2021-07-15
1194733,23.65,238.63,2021-07-15
90672,0,0,2021-07-15
286556,0,0,2021-07-15
108029,0,0,2021-07-15
75608,12.41,286.23,2021-07-15
281659,0,0,2021-07-15
106907,0,0,2021-07-15
132948,0,0,2021-07-15
286626,0,0,2021-07-15
281460,0,0,2021-07-15
296487,32.08,792.66,2021-07-15
82647,50.44,899.65,2021-07-15
84328,0,576.31,2021-07-15
151873,0,0,2021-07-16
84351,0,0,2021-07-16
1194733,23.63,262.26,2021-07-16
106907,0,0,2021-07-16
75608,13.59,286.49,2021-07-16
108029,0,0,2021-07-16
286556,0,0,2021-07-16
132948,0,0,2021-07-16
286626,0,0,2021-07-16
90672,0,0,2021-07-16
281659,0,0,2021-07-16
281460,0,0,2021-07-16
84328,0,551.06,2021-07-16
82647,42.93,914.47,2021-07-16
296487,30.41,794.48,2021-07-16
151873,0,0,2021-07-17
1194733,11.07,273.33,2021-07-17
132948,0,0,2021-07-17
90672,0,0,2021-07-17
286626,0,0,2021-07-17
281460,0,0,2021-07-17
84351,0,0,2021-07-17
106907,0,0,2021-07-17
286556,0,0,2021-07-17
281659,0,0,2021-07-17
108029,0,0,2021-07-17
75608,4.23,287.64,2021-07-17
82647,16.34,928.46,2021-07-17
296487,27.43,809.94,2021-07-17
84328,0,527.02,2021-07-17
281659,0,0,2021-07-18
286556,0,0,2021-07-18
106907,0,0,2021-07-18
90672,0,0,2021-07-18
84351,0,0,2021-07-18
151873,0,0,2021-07-18
281460,0,0,2021-07-18
1194733,5.32,278.65,2021-07-18
132948,0,0,2021-07-18
286626,0,0,2021-07-18
75608,5.16,290.63,2021-07-18
296487,25.16,804.27,2021-07-18
108029,0,0,2021-07-18
84328,0,498.64,2021-07-18
82647,17.49,925.8,2021-07-18
286556,0,0,2021-07-19
84351,0,0,2021-07-19
90672,0,0,2021-07-19
106907,0,0,2021-07-19
281460,0,0,2021-07-19
281659,0,0,2021-07-19
151873,0,0,2021-07-19
82647,44.9,963.98,2021-07-19
132948,0,0,2021-07-19
286626,0,0,2021-07-19
1194733,10.35,289,2021-07-19
75608,7.65,294.98,2021-07-19
108029,0,0,2021-07-19
84328,0,467.84,2021-07-19
296487,25.1,798.84,2021-07-19
90672,0,0,2021-07-20
286556,0,0,2021-07-20
286626,0,0,2021-07-20
132948,0,0,2021-07-20
281659,0,0,2021-07-20
106907,0,0,2021-07-20
281460,0,0,2021-07-20
84351,0,0,2021-07-20
75608,8.96,295.63,2021-07-20
1194733,2.84,291.84,2021-07-20
108029,0,0,2021-07-20
84328,0,446.75,2021-07-20
82647,26.1,963.68,2021-07-20
296487,22.07,792.66,2021-07-20
151873,0,0,2021-07-20
90672,0,0,2021-07-21
281659,0,0,2021-07-21
286626,0,0,2021-07-21
108029,0,0,2021-07-21
84351,0,0,2021-07-21
281460,0,0,2021-07-21
132948,0,0,2021-07-21
1194733,20.61,312.45,2021-07-21
106907,0,0,2021-07-21
151873,0,0,2021-07-21
84328,0,411.45,2021-07-21
75608,4.62,292.22,2021-07-21
286556,0,0,2021-07-21
82647,23.47,974.99,2021-07-21
296487,23.32,784.59,2021-07-21
84351,0,0,2021-07-22
281659,0,0,2021-07-22
281460,0,0,2021-07-22
75608,8.78,289.46,2021-07-22
84328,0,390.97,2021-07-22
1194733,23.53,335.98,2021-07-22
286626,0,0,2021-07-22
132948,0,0,2021-07-22
151873,0,0,2021-07-22
286556,0,0,2021-07-22
90672,0,0,2021-07-22
106907,0,0,2021-07-22
82647,34.24,1009.23,2021-07-22
296487,24.9,778.7,2021-07-22
108029,0,0,2021-07-22
84351,0,0,2021-07-23
90672,0,0,2021-07-23
106907,0,0,2021-07-23
1194733,19.48,355.46,2021-07-23
132948,0,0,2021-07-23
286626,0,0,2021-07-23
286556,0,0,2021-07-23
281460,0,0,2021-07-23
281659,0,0,2021-07-23
108029,0,0,2021-07-23
82647,40.26,1023.15,2021-07-23
84328,0,361.64,2021-07-23
151873,0,0,2021-07-23
75608,12.42,291.74,2021-07-23
296487,24.27,778.38,2021-07-23
286626,0,0,2021-07-24
132948,0,0,2021-07-24
108029,0,0,2021-07-24
90672,0,0,2021-07-24
286556,0,0,2021-07-24
106907,0,0,2021-07-24
151873,0,0,2021-07-24
281460,0,0,2021-07-24
281659,0,0,2021-07-24
84351,0,0,2021-07-24
1194733,25.12,380.58,2021-07-24
75608,9.32,294.49,2021-07-24
296487,32.31,782.17,2021-07-24
84328,0,343.48,2021-07-24
82647,30.22,1020.19,2021-07-24
281460,0,0,2021-07-25
106907,0,0,2021-07-25
90672,0,0,2021-07-25
286626,0,0,2021-07-25
84351,0,0,2021-07-25
281659,0,0,2021-07-25
151873,0,0,2021-07-25
132948,0,0,2021-07-25
286556,0,0,2021-07-25
1194733,18.68,399.26,2021-07-25
82647,31.49,1029.38,2021-07-25
84328,0,340.43,2021-07-25
108029,0,0,2021-07-25
75608,9.85,296.31,2021-07-25
296487,31.67,783.56,2021-07-25
84351,0,0,2021-07-26
151873,0,0,2021-07-26
286626,0,0,2021-07-26
286556,0,0,2021-07-26
106907,0,0,2021-07-26
108029,0,0,2021-07-26
90672,0,0,2021-07-26
132948,0,0,2021-07-26
84328,0,316.16,2021-07-26
281460,0,0,2021-07-26
281659,0,0,2021-07-26
75608,10.27,294.1,2021-07-26
296487,22.56,782.45,2021-07-26
1194733,7.46,406.72,2021-07-26
82647,41.11,1052.77,2021-07-26
108029,0,0,2021-07-27
106907,0,0,2021-07-27
286556,0,0,2021-07-27
281460,0,0,2021-07-27
132948,0,0,2021-07-27
84351,0,0,2021-07-27
151873,0,0,2021-07-27
90672,0,0,2021-07-27
281659,0,0,2021-07-27
1194733,4.5,411.22,2021-07-27
296487,27.47,780.42,2021-07-27
84328,0,302.13,2021-07-27
286626,0,0,2021-07-27
82647,21.29,1047.13,2021-07-27
75608,8.16,289.75,2021-07-27
151873,0,0,2021-07-28
281460,0,0,2021-07-28
84351,0,0,2021-07-28
84328,0,283.39,2021-07-28
106907,0,0,2021-07-28
90672,0,0,2021-07-28
296487,15.37,766.1,2021-07-28
286626,0,0,2021-07-28
281659,0,0,2021-07-28
1194733,2.06,413.28,2021-07-28
132948,0,0,2021-07-28
286556,0,0,2021-07-28
82647,31.05,1034.5,2021-07-28
75608,5.06,285.56,2021-07-28
108029,0,0,2021-07-28
281659,0,0,2021-07-29
286626,0,0,2021-07-29
281460,0,0,2021-07-29
84351,0,0,2021-07-29
286556,0,0,2021-07-29
1194733,18.74,432.02,2021-07-29
90672,0,0,2021-07-29
132948,0,0,2021-07-29
84328,0,249.87,2021-07-29
106907,0,0,2021-07-29
151873,0,0,2021-07-29
108029,0,0,2021-07-29
82647,34.42,1041.3,2021-07-29
296487,16.72,753.07,2021-07-29
75608,5.28,281.85,2021-07-29
132948,0,0,2021-07-30
286626,0,0,2021-07-30
286556,0,0,2021-07-30
106907,0,0,2021-07-30
281659,0,0,2021-07-30
90672,0,0,2021-07-30
151873,0,0,2021-07-30
281460,0,0,2021-07-30
84351,0,0,2021-07-30
84328,0,223.12,2021-07-30
108029,0,0,2021-07-30
82647,34.21,1048.33,2021-07-30
296487,19.06,747.21,2021-07-30
1194733,17.93,449.95,2021-07-30
75608,7.56,277.98,2021-07-30
151873,0,0,2021-07-31
281659,0,0,2021-07-31
132948,0,0,2021-07-31
106907,0,0,2021-07-31
296487,31.4,749.45,2021-07-31
84351,0,0,2021-07-31
286556,0,0,2021-07-31
286626,0,0,2021-07-31
281460,0,0,2021-07-31
90672,0,0,2021-07-31
108029,0,0,2021-07-31
75608,11.23,277.02,2021-07-31
84328,0,213.75,2021-07-31
82647,14.02,1027.95,2021-07-31
1194733,17.25,467.2,2021-07-31
84351,0,0,2021-08-01
286626,0,0,2021-08-01
151873,0,0,2021-08-01
90672,0,0,2021-08-01
286556,0,0,2021-08-01
281659,0,0,2021-08-01
106907,0,0,2021-08-01
132948,0,0,2021-08-01
281460,0,0,2021-08-01
75608,2.66,270.11,2021-08-01
108029,0,0,2021-08-01
82647,19.36,1027.7,2021-08-01
84328,0,186.89,2021-08-01
296487,22.18,744.86,2021-08-01
1194733,15.61,462.35,2021-08-01
281460,0,0,2021-08-02
90672,0,0,2021-08-02
286556,0,0,2021-08-02
281659,0,0,2021-08-02
106907,0,0,2021-08-02
82647,39.91,1020.95,2021-08-02
296487,25.73,740.81,2021-08-02
84351,0,0,2021-08-02
132948,0,0,2021-08-02
151873,0,0,2021-08-02
286626,0,0,2021-08-02
84328,0,156.59,2021-08-02
108029,0,0,2021-08-02
1194733,19.36,456.24,2021-08-02
75608,7.51,268.41,2021-08-02
151873,0,0,2021-08-03
286626,0,0,2021-08-03
281460,0,0,2021-08-03
1194733,15.07,446.03,2021-08-03
84351,0,0,2021-08-03
281659,0,0,2021-08-03
90672,0,0,2021-08-03
106907,0,0,2021-08-03
132948,0,0,2021-08-03
75608,11.72,270.29,2021-08-03
84328,0,122.61,2021-08-03
108029,0,0,2021-08-03
296487,29.4,770.21,2021-08-03
82647,43.37,1024.35,2021-08-03
286556,0,0,2021-08-03
106907,0,0,2021-08-04
286626,0,0,2021-08-04
132948,0,0,2021-08-04
84351,0,0,2021-08-04
286556,0,0,2021-08-04
296487,27.3,768.14,2021-08-04
90672,0,0,2021-08-04
84328,0,95.55,2021-08-04
281460,0,0,2021-08-04
151873,0,0,2021-08-04
281659,0,0,2021-08-04
75608,11.46,270.66,2021-08-04
108029,0,0,2021-08-04
82647,25.56,1017.98,2021-08-04
1194733,25.65,454.12,2021-08-04
281460,0,0,2021-08-05
90672,0,0,2021-08-05
75608,11.49,272.03,2021-08-05
1194733,24.47,462.8,2021-08-05
84351,0,0,2021-08-05
151873,0,0,2021-08-05
106907,0,0,2021-08-05
286626,0,0,2021-08-05
286556,0,0,2021-08-05
281659,0,0,2021-08-05
132948,0,0,2021-08-05
108029,0,0,2021-08-05
82647,43.11,1012.37,2021-08-05
296487,24.38,762.24,2021-08-05
84328,0,67.76,2021-08-05
106907,0,0,2021-08-06
151873,0,0,2021-08-06
82647,34.75,1005.49,2021-08-06
1194733,22.41,469.87,2021-08-06
286626,0,0,2021-08-06
132948,0,0,2021-08-06
281460,0,0,2021-08-06
90672,0,0,2021-08-06
84351,0,0,2021-08-06
281659,0,0,2021-08-06
286556,0,0,2021-08-06
108029,0,0,2021-08-06
84328,0.73,55.32,2021-08-06
75608,10.69,272.88,2021-08-06
296487,28.85,760.69,2021-08-06
286556,0,0,2021-08-07
281659,0,0,2021-08-07
90672,0,0,2021-08-07
82647,26.36,1017.85,2021-08-07
106907,0,0,2021-08-07
281460,0,0,2021-08-07
84351,0,0,2021-08-07
151873,0,0,2021-08-07
132948,0,0,2021-08-07
286626,0,0,2021-08-07
84328,10.93,35.96,2021-08-07
296487,26.59,763.74,2021-08-07
75608,6.97,274,2021-08-07
1194733,25.96,485.78,2021-08-07
108029,0,0,2021-08-07
106907,0,0,2021-08-08
90672,0,0,2021-08-08
281659,0,0,2021-08-08
132948,0,0,2021-08-08
281460,0,0,2021-08-08
108029,0,0,2021-08-08
296487,30.73,769.04,2021-08-08
82647,22.4,1002.77,2021-08-08
151873,0,0,2021-08-08
286556,0,0,2021-08-08
286626,0,0,2021-08-08
84351,0,0,2021-08-08
84328,13.56,27.7,2021-08-08
75608,10.85,273.56,2021-08-08
1194733,19.24,487.75,2021-08-08
132948,0,0,2021-08-09
90672,0,0,2021-08-09
281460,0,0,2021-08-09
281659,0,0,2021-08-09
84351,0,0,2021-08-09
106907,0,0,2021-08-09
151873,0,0,2021-08-09
286626,0,0,2021-08-09
286556,0,0,2021-08-09
82647,27.44,990.19,2021-08-09
84328,33.59,58.81,2021-08-09
296487,30.68,771.96,2021-08-09
75608,7.52,270.55,2021-08-09
1194733,16.96,491,2021-08-09
108029,0,0,2021-08-09
106907,0,0,2021-08-10
286556,0,0,2021-08-10
281460,0,0,2021-08-10
84351,0,0,2021-08-10
82647,20.5,973.72,2021-08-10
151873,0,0,2021-08-10
281659,0,0,2021-08-10
90672,0,0,2021-08-10
286626,0,0,2021-08-10
132948,0,0,2021-08-10
296487,31.67,774.72,2021-08-10
108029,0,0,2021-08-10
1194733,21,505.06,2021-08-10
84328,26.77,85.58,2021-08-10
75608,4.81,268.16,2021-08-10
1194733,21.52,524.18,2021-08-11
90672,0,0,2021-08-11
106907,0,0,2021-08-11
84351,0,0,2021-08-11
281460,0,0,2021-08-11
132948,0,0,2021-08-11
286626,0,0,2021-08-11
151873,0,0,2021-08-11
286556,0,0,2021-08-11
281659,0,0,2021-08-11
84328,22.76,108.34,2021-08-11
108029,0,0,2021-08-11
75608,3.03,259.55,2021-08-11
296487,32.08,780.91,2021-08-11
82647,14.36,941.52,2021-08-11
286626,0,0,2021-08-12
90672,0,0,2021-08-12
281460,0,0,2021-08-12
82647,19.06,915.79,2021-08-12
1194733,23.5,526.36,2021-08-12
84328,25.4,133.74,2021-08-12
108029,0,0,2021-08-12
296487,30.08,800.55,2021-08-12
132948,0,0,2021-08-12
281659,0,0,2021-08-12
151873,0,0,2021-08-12
106907,0,0,2021-08-12
84351,0,0,2021-08-12
286556,0,0,2021-08-12
75608,4.61,250.86,2021-08-12
84328,21.67,155.41,2021-08-13
84351,0,0,2021-08-13
286626,0,0,2021-08-13
106907,0,0,2021-08-13
90672,0,0,2021-08-13
151873,0,0,2021-08-13
281659,0,0,2021-08-13
286556,0,0,2021-08-13
281460,0,0,2021-08-13
132948,0,0,2021-08-13
75608,9.01,246.88,2021-08-13
108029,0,0,2021-08-13
82647,41.28,911.52,2021-08-13
1194733,15.74,518.71,2021-08-13
296487,30.74,801.71,2021-08-13
281460,0,0,2021-08-14
132948,0,0,2021-08-14
151873,0,0,2021-08-14
1194733,26.29,521.35,2021-08-14
82647,49.05,910.13,2021-08-14
84351,0,0,2021-08-14
106907,0,0,2021-08-14
286626,0,0,2021-08-14
75608,13.86,248.33,2021-08-14
286556,0,0,2021-08-14
84328,20.18,175.59,2021-08-14
281659,0,0,2021-08-14
90672,0,0,2021-08-14
108029,0,0,2021-08-14
296487,29.24,798.87,2021-08-14
286626,0,0,2021-08-15
84351,0,0,2021-08-15
90672,0,0,2021-08-15
281659,0,0,2021-08-15
106907,0,0,2021-08-15
108029,0,0,2021-08-15
281460,0,0,2021-08-15
1194733,18.17,515.89,2021-08-15
84328,28.56,204.15,2021-08-15
151873,0,0,2021-08-15
75608,14.36,249.1,2021-08-15
132948,0,0,2021-08-15
82647,49,916.2,2021-08-15
296487,31.2,799.66,2021-08-15
286556,0,0,2021-08-15
281460,0,0,2021-08-16
151873,0,0,2021-08-16
82647,24.3,924.16,2021-08-16
106907,0,0,2021-08-16
84351,0,0,2021-08-16
132948,0,0,2021-08-16
281659,0,0,2021-08-16
286556,0,0,2021-08-16
286626,0,0,2021-08-16
90672,0,0,2021-08-16
296487,29.06,801.29,2021-08-16
108029,0,0,2021-08-16
84328,17.97,222.12,2021-08-16
75608,10.45,255.32,2021-08-16
1194733,27.48,532.3,2021-08-16
286626,0,0,2021-08-17
281460,0,0,2021-08-17
84351,0,0,2021-08-17
281659,0,0,2021-08-17
106907,0,0,2021-08-17
132948,0,0,2021-08-17
84328,23.08,245.2,2021-08-17
286556,0,0,2021-08-17
75608,11.28,261.44,2021-08-17
151873,0,0,2021-08-17
90672,0,0,2021-08-17
1194733,26.81,553.79,2021-08-17
108029,0,0,2021-08-17
82647,41.14,947.81,2021-08-17
296487,28.92,805.05,2021-08-17
106907,0,0,2021-08-18
82647,46.49,949.4,2021-08-18
132948,0,0,2021-08-18
281460,0,0,2021-08-18
90672,0,0,2021-08-18
286626,0,0,2021-08-18
286556,0,0,2021-08-18
84351,0,0,2021-08-18
151873,0,0,2021-08-18
281659,0,0,2021-08-18
108029,0,0,2021-08-18
84328,19.8,265,2021-08-18
296487,31.49,811.44,2021-08-18
1194733,24.18,567.62,2021-08-18
75608,12.63,266.42,2021-08-18
84328,22.77,287.77,2021-08-19
108029,0,0,2021-08-19
84351,0,0,2021-08-19
132948,0,0,2021-08-19
286626,0,0,2021-08-19
281659,0,0,2021-08-19
151873,0,0,2021-08-19
281460,0,0,2021-08-19
106907,0,0,2021-08-19
75608,8.02,265.48,2021-08-19
286556,0,0,2021-08-19
296487,30.33,819.7,2021-08-19
82647,33.91,957.21,2021-08-19
1194733,19.27,584.05,2021-08-19
90672,0,0,2021-08-19
132948,0,0,2021-08-20
151873,0,0,2021-08-20
286626,0,0,2021-08-20
84351,0,0,2021-08-20
106907,0,0,2021-08-20
286556,0,0,2021-08-20
281460,0,0,2021-08-20
296487,26.62,823,2021-08-20
1194733,6,569.44,2021-08-20
108029,0,0,2021-08-20
90672,0,0,2021-08-20
281659,0,0,2021-08-20
82647,33,966.74,2021-08-20
75608,9.04,269.9,2021-08-20
84328,26.71,314.48,2021-08-20
106907,0,0,2021-08-21
286556,0,0,2021-08-21
132948,0,0,2021-08-21
286626,0,0,2021-08-21
90672,0,0,2021-08-21
281460,0,0,2021-08-21
75608,9.07,270.19,2021-08-21
296487,27.97,826.07,2021-08-21
151873,0,0,2021-08-21
281659,0,0,2021-08-21
108029,0,0,2021-08-21
82647,37.21,969.71,2021-08-21
84351,0,0,2021-08-21
84328,24.58,339.06,2021-08-21
1194733,0,545.91,2021-08-21
106907,0,0,2021-08-22
286626,0,0,2021-08-22
1194733,0,526.43,2021-08-22
84328,25.05,364.11,2021-08-22
132948,0,0,2021-08-22
281460,0,0,2021-08-22
75608,14.05,271.82,2021-08-22
281659,0,0,2021-08-22
296487,11.16,812.96,2021-08-22
90672,0,0,2021-08-22
151873,0,0,2021-08-22
286556,0,0,2021-08-22
84351,0,0,2021-08-22
108029,0,0,2021-08-22
82647,45.77,975.22,2021-08-22
84351,0,0,2021-08-23
106907,0,0,2021-08-23
286556,0,0,2021-08-23
90672,0,0,2021-08-23
286626,0,0,2021-08-23
281460,0,0,2021-08-23
151873,0,0,2021-08-23
281659,0,0,2021-08-23
132948,0,0,2021-08-23
296487,29.81,810.46,2021-08-23
1194733,0,501.31,2021-08-23
75608,12.09,274.59,2021-08-23
84328,30.18,394.29,2021-08-23
108029,0,0,2021-08-23
82647,31.18,976.18,2021-08-23
90672,0,0,2021-08-24
132948,0,0,2021-08-24
84351,0,0,2021-08-24
286556,0,0,2021-08-24
108029,0,0,2021-08-24
106907,0,0,2021-08-24
151873,0,0,2021-08-24
286626,0,0,2021-08-24
281460,0,0,2021-08-24
281659,0,0,2021-08-24
84328,3.47,397.76,2021-08-24
1194733,0,482.63,2021-08-24
82647,38.4,983.09,2021-08-24
75608,7.19,271.93,2021-08-24
296487,29.53,808.32,2021-08-24
90672,0,0,2021-08-25
132948,0,0,2021-08-25
281659,0,0,2021-08-25
106907,0,0,2021-08-25
151873,0,0,2021-08-25
75608,8.66,270.32,2021-08-25
1194733,0,475.17,2021-08-25
296487,27.37,813.13,2021-08-25
82647,0.18,942.16,2021-08-25
84351,0,0,2021-08-25
286626,0,0,2021-08-25
286556,0,0,2021-08-25
281460,0,0,2021-08-25
108029,0,0,2021-08-25
84328,29.85,427.61,2021-08-25
286556,0,0,2021-08-26
108029,0,0,2021-08-26
132948,0,0,2021-08-26
90672,0,0,2021-08-26
286626,0,0,2021-08-26
1194733,0,470.67,2021-08-26
281460,0,0,2021-08-26
106907,0,0,2021-08-26
84351,0,0,2021-08-26
151873,0,0,2021-08-26
281659,0,0,2021-08-26
82647,0.01,920.88,2021-08-26
296487,30.51,816.17,2021-08-26
84328,20.88,448.49,2021-08-26
75608,2.82,264.98,2021-08-26
281460,0,0,2021-08-27
84351,0,0,2021-08-27
90672,0,0,2021-08-27
286626,0,0,2021-08-27
286556,0,0,2021-08-27
106907,0,0,2021-08-27
151873,0,0,2021-08-27
75608,5.96,265.88,2021-08-27
281659,0,0,2021-08-27
1194733,0,468.61,2021-08-27
296487,29.96,830.76,2021-08-27
132948,0,0,2021-08-27
84328,12.39,460.88,2021-08-27
82647,25.56,915.39,2021-08-27
108029,0,0,2021-08-27
